-- MySQL dump 10.16  Distrib 10.1.26-MariaDB, for debian-linux-gnu (x86_64)
--
-- Host: localhost    Database: pokebase
-- ------------------------------------------------------
-- Server version	10.1.26-MariaDB-0+deb9u1

/*!40101 SET @OLD_CHARACTER_SET_CLIENT=@@CHARACTER_SET_CLIENT */;
/*!40101 SET @OLD_CHARACTER_SET_RESULTS=@@CHARACTER_SET_RESULTS */;
/*!40101 SET @OLD_COLLATION_CONNECTION=@@COLLATION_CONNECTION */;
/*!40101 SET NAMES utf8mb4 */;
/*!40103 SET @OLD_TIME_ZONE=@@TIME_ZONE */;
/*!40103 SET TIME_ZONE='+00:00' */;
/*!40014 SET @OLD_UNIQUE_CHECKS=@@UNIQUE_CHECKS, UNIQUE_CHECKS=0 */;
/*!40014 SET @OLD_FOREIGN_KEY_CHECKS=@@FOREIGN_KEY_CHECKS, FOREIGN_KEY_CHECKS=0 */;
/*!40101 SET @OLD_SQL_MODE=@@SQL_MODE, SQL_MODE='NO_AUTO_VALUE_ON_ZERO' */;
/*!40111 SET @OLD_SQL_NOTES=@@SQL_NOTES, SQL_NOTES=0 */;

--
-- Current Database: `pokebase`
--

CREATE DATABASE /*!32312 IF NOT EXISTS*/ `pokebase` /*!40100 DEFAULT CHARACTER SET utf8mb4 */;

USE `pokebase`;

--
-- Table structure for table `abilities`
--

DROP TABLE IF EXISTS `abilities`;
/*!40101 SET @saved_cs_client     = @@character_set_client */;
/*!40101 SET character_set_client = utf8 */;
CREATE TABLE `abilities` (
  `ability_name` varchar(50) DEFAULT NULL,
  `ability_effect` varchar(500) DEFAULT NULL
) ENGINE=InnoDB DEFAULT CHARSET=utf8mb4;
/*!40101 SET character_set_client = @saved_cs_client */;

--
-- Dumping data for table `abilities`
--

LOCK TABLES `abilities` WRITE;
/*!40000 ALTER TABLE `abilities` DISABLE KEYS */;
INSERT INTO `abilities` VALUES ('Adaptability','Increases the same-type attack bonus from 1.5x to 2x.'),('Aerilate','Turns the bearer\'s normal moves into flying moves and strengthens them to 1.3x their power.'),('Aftermath','Damages the attacker for 1/4 its max HP when knocked out by a contact move.'),('Air Lock','Negates all effects of weather, but does not prevent the weather itself.'),('Analytic','Strengthens moves to 1.3x their power when moving last.'),('Anger Point','Raises Attack to the maximum of six stages upon receiving a critical hit.'),('Anticipation','Notifies all trainers upon entering battle if an opponent has a super-effective move, Self Destruct, Explosion, or a one-hit KO move.'),('Arena Trap','Prevents opponents from fleeing or switching out. Eluded by flying-types and Pokemon in the air.'),('Aroma Veil','Protects allies against moves that affect their mental state.'),('Aura Break','Makes dark aura and fairy aura weaken moves of their respective type.'),('Bad Dreams','Damages sleeping opponents for 1/8 their max HP after each turn.'),('Battery','Allows the Pokemon to raise the power of allies\' special moves.'),('Battle Armor','Protects against critical hits.'),('Battle Bond','Triggers the Pokemon\'s form change to Ash-Greninja after it causes an opponent\'s Pokemon to faint. When the battle ends, the Pokemon returns to its original Greninja form.'),('Beast Boost','The Pokemon boosts its most proficient stat each time it knocks out a Pokemon.'),('Berserk','Raises the Pokemon\'s Sp.Attack by 1 when its HP drops below half.'),('Big Pecks','Protects against Defense drops.'),('Blaze','Strengthens fire moves to inflict 1.5x damage at 1/3 max HP or less.'),('Bulletproof','Protects against bullet, ball, and bomb-based moves.'),('Cheek Pouch','Restores HP upon eating a berry, in addition to the berry\'s effect.'),('Chlorophyll','Doubles speed during strong sunlight.'),('Clear Body','Prevents stats from being lowered by other Pokemon.'),('Cloud Nine','Negates all effects of weather, but does not prevent the weather itself.'),('Color Change','Changes type to match when hit by a damaging move.'),('Comatose','Keeps the Pokemon perpetually in a drowsing state, which prevents it from getting any other status conditions.'),('Competitive','Raises Sp.Attack by two stages upon having any stat lowered.'),('Compound Eyes','Increases moves\' accuracy to 1.3x.'),('Contrary','Inverts stat changes.'),('Corrosion','With the Corrosion ability, it becomes possible to inflict the Poisoned status condition even on Steel- and Poison-type Pokemon.'),('Cursed Body','Has a 30% chance of disabling any move that hits the Pokemon.'),('Cute Charm','Has a 30% chance of infatuating attacking Pokemon on contact.'),('Damp','Prevents self destruct, explosion, and aftermath from working while the Pokemon is in battle.'),('Dancer','If another Pokemon in the field uses a dancing move, then the Pokemon will be able to use the same move immediately afterward.'),('Dark Aura','Strengthens dark moves to 1.33x their power for all friendly and opposing Pokemon.'),('Dazzling','Prevents opponents from using priority moves that normally strike first.'),('Defeatist','Halves Attack and Sp.Attack at 50% HP or less.'),('Defiant','Raises Attack two stages upon having any stat lowered.'),('Delta Stream','Affects weather and eliminates all of the Flying type\'s weaknesses.'),('Desolate Land','Affects weather and nullifies any Water-type moves.'),('Disguise','Allows the Pokemon to escape damage from an enemy attack just one time, and then its appearance changes.'),('Download','Raises the attack stat corresponding to the opponents\' weaker defense one stage upon entering battle.'),('Drizzle','Summons rain that lasts indefinitely upon entering battle.'),('Drought','Summons strong sunlight that lasts indefinitely upon entering battle.'),('Dry Skin','Causes 1/8 max HP in damage each turn during strong sunlight, but heals for 1/8 max HP during rain. Increases damage from fire moves to 1.25x, but absorbs water moves, healing for 1/4 max HP.'),('Early Bird','Makes sleep pass twice as quickly.'),('Effect Spore','Has a 30% chance of inflicting either paralysis, poison, or sleep on attacking Pokemon on contact.'),('Electric Surge','Fills the field around the Pokemon\'s feet with electricity when it appears, raising the power of any Electric-type moves for Pokemon on the ground and preventing any Pokemon from falling asleep.'),('Emergency Exit','The Pokemon, sensing danger, switches out when its HP becomes half or less.'),('Fairy Aura','Strengthens fairy moves to 1.33x their power for all friendly and opposing Pokemon.'),('Filter','Decreases damage taken from super-effective moves by 1/4.'),('Flame Body','Has a 30% chance of burning attacking Pokemon on contact.'),('Flare Boost','Increases Sp.Attack to 1.5x when burned.'),('Flash Fire','Protects against fire moves. Once one has been blocked, the Pokemon\'s own Fire moves inflict 1.5x damage until it leaves battle.'),('Flower Gift','Increases friendly Pokemon\'s Attack and Sp.Defense to 1.5x during strong sunlight.'),('Flower Veil','Protects friendly grass Pokemon from having their stats lowered by other Pokemon.'),('Fluffy','Halves the damage taken from attacks that make direct contact, but in return it also doubles the damage taken from Fire-type moves.'),('Forecast','Changes castform\'s type and form to match the weather.'),('Forewarn','Reveals the opponents\' strongest move upon entering battle.'),('Friend Guard','Decreases all direct damage taken by friendly Pokemon to 0.75x.'),('Frisk','Reveals an opponent\'s held item upon entering battle.'),('Full Metal Body','The Pokemon\'s stats will not be lowered by the effects of an opponent\'s moves or ability.'),('Fur Coat','Halves damage from physical attacks.'),('Gale Wings','Raises flying moves\' priority by one stage.'),('Galvanize','Galvanize causes all Normal-type moves used by the Pokemon to become Electric-type moves and receive a 20% power boost.'),('Gluttony','Makes the Pokemon eat any held berry triggered by low HP below 1/2 its max HP.'),('Gooey','Lowers attacking Pokemon\'s Speed by one stage on contact.'),('Grass Pelt','Boosts Defense while grassy terrain is in effect.'),('Grassy Surge','With Grassy Surge, the field will be turned into Grassy Terrain when Tapu Bulu appears in battle, boosting the power of any Grass-type moves used by Pokemon on the ground and restoring a bit of HP to them each turn. It also halves the damage taken from the moves Earthquake, Magnitude, and Bulldoze.'),('Guts','Increases Attack to 1.5x with a major status ailment.'),('Harvest','Has a 50% chance of restoring a used berry after each turn if the Pokemon has held no items in the meantime.'),('Healer','Has a 30% chance of curing each adjacent ally of any major status ailment after each turn.'),('Heatproof','Halves damage from fire moves and burns.'),('Heavy Metal','Doubles the Pokemon\'s weight.'),('Honey Gather','The Pokemon may pick up honey after battle.'),('Huge Power','Doubles Attack in battle.'),('Hustle','Strengthens physical moves to inflict 1.5x damage, but decreases their accuracy to 0.8x.'),('Hydration','Cures any major status ailment after each turn during rain.'),('Hyper Cutter','Prevents Attack from being lowered by other Pokemon.'),('Ice Body','Heals for 1/16 max HP after each turn during hail. Protects against hail damage.'),('Illuminate','Doubles the wild encounter rate.'),('Illusion','Takes the appearance of the lasst conscious party Pokemon upon being sent out until hit by a damaging move.'),('Immunity','Prevents poison.'),('Imposter','Transforms upon entering battle.'),('Infiltrator','Bypasses Light Screen, Reflect, and Safeguard.'),('Innards Out','When the Pokemon faints, it will be able to deal one last bit of damage to its opponent, equal to the amount of HP it had left before it received the final blow.'),('Inner Focus','Prevents flinching.'),('Insomnia','Prevents sleep.'),('Intimidate','Lowers opponents\' Attack one stage upon entering battle.'),('Iron Barbs','Damages attacking Pokemon for 1/8 their max HP on contact.'),('Iron Fist','Strengthens punch-based moves to 1.2x their power.'),('Justified','Raises Attack one stage upon taking damage from a dark move.'),('Keen Eye','Prevents accuracy from being lowered.'),('Klutz','Prevents the Pokemon from using its held item in battle.'),('Leaf Guard','Protects against major status ailments during strong sunlight.'),('Levitate','Evades ground moves.'),('Light Metal','Halves the Pokemon\'s weight.'),('Lightning Rod','Redirects single-target electric moves to this Pokemon where possible. Absorbs electric moves, raising Sp.Attack one stage.'),('Limber','Prevents paralysis.'),('Liquid Ooze','Damages opponents using leeching moves for as much as they would heal.'),('Liquid Voice','Turns the Pokemon\'s sound moves into Water-type moves.'),('Long Reach','When a Pokemon with this ability uses a move that makes contact, it will not trigger any effects caused by contact.'),('Magic Bounce','Reflects most non-damaging moves back at their user.'),('Magic Guard','Protects against damage not directly caused by a move.'),('Magician','Steals the target\'s held item when the bearer uses a damaging move.'),('Magma Armor','Prevents freezing.'),('Magnet Pull','Prevents steel opponents from fleeing or switching out.'),('Marvel Scale','Increases Defense to 1.5x with a major status ailment.'),('Mega Launcher','Strengthens aura and pulse moves to 1.5x their power.'),('Merciless','The Pokemon\'s attacks become critical hits if the target is poisoned.'),('Minus','Increases Sp.Attack to 1.5x when a friendly Pokemon has Plus or Minus.'),('Misty Surge','With Misty Surge, the field will be turned into Misty Terrain when Tapu Fini appears in battle, halving the damage taken by Pokemon on the ground from Dragon-type moves and preventing them from being afflicted with status conditions or confusion.'),('Mold Breaker','Bypasses targets\' abilities if they could hinder or prevent a move.'),('Moody','Raises a random stat two stages and lowers another one stage after each turn.'),('Motor Drive','Absorbs electric moves, raising Speed one stage.'),('Moxie','Raises Attack one stage upon KOing a Pokemon.'),('Multiscale','Halves damage taken from full HP.'),('Multitype','Changes Arceus\'s type and form to match its held plate.'),('Mummy','Changes attacking Pokemon\'s abilities to Mummy on contact.'),('Natural Cure','Cures any major status ailment upon switching out.'),('Neuroforce','Powers up super-effective moves by 20%.'),('No Guard','Ensures all moves used by and against the Pokemon hit.'),('Normalize','Makes the Pokemon\'s moves all act normal-type.'),('Oblivious','Prevents infatuation and protects against captivate.'),('Overcoat','Protects against damage from weather.'),('Overgrow','Strengthens grass moves to inflict 1.5x damage at 1/3 max HP or less.'),('Own Tempo','Prevents confusion.'),('Parental Bond','Lets the bearer hit twice with damaging move. The second hit has half power.'),('Pickpocket','Steals attacking Pokemon\'s held items on contact.'),('Pickup','Picks up other Pokemon\'s used and flung held items. May also pick up an item after battle.'),('Pixilate','Turns the bearer\'s normal moves into fairy moves and strengthens them to 1.3x their power.'),('Plus','Increases Sp.Attack to 1.5x when a friendly Pokemon has Plus or Minus.'),('Poison Heal','Heals for 1/8 max HP after each turn when poisoned in place of damage.'),('Poison Point','Has a 30% chance of poisoning attacking Pokemon on contact.'),('Poison Touch','Has a 30% chance of poisoning target Pokemon upon contact.'),('Power Construct','When the HP of a Zygarde 10% or 50% falls below half, it changes into Complete Zygarde.'),('Power of Alchemy','When an allied Pokemon faints in battle, a Pokemon with Power of Alchemy as its ability will gain the fainted Pokemon\'s ability in place of its own. When this happens, the new ability activates immediately, as if it had just entered battle.'),('Prankster','Raises non-damaging moves\' priority by one stage.'),('Pressure','Increases the PP cost of moves targeting the Pokemon by one.'),('Primordial Sea','Affects weather and nullifies any Fire-type attacks.'),('Prism Armor','Reduces super-effective damage by 25%.'),('Protean','Changes the bearer\'s type to match each move it uses.'),('Psychic Surge','With Psychic Surge, the field will be turned into Psychic Terrain when Tapu Lele appears in battle, boosting the power of any Psychic-type moves used by Pokemon on the ground and preventing them from being hit by priority moves.'),('Pure Power','Doubles Attack in battle.'),('Queenly Majesty','Prevents opponents from using priority moves.'),('Quick Feet','Increases Speed to 1.5x with a major status ailment.'),('Rain Dish','Heals for 1/16 max HP after each turn during rain.'),('Rattled','Raises Speed one stage upon being hit by a dark, ghost, or bug move.\n'),('Receiver','The Pokemon can inherit the ability of an ally who faints in battle.'),('Reckless','Strengthens recoil moves to 1.2x their power.'),('Refrigerate','Turns the bearer\'s normal moves into ice moves and strengthens them to 1.3x their power.'),('Regenerator','Heals for 1/3 max HP upon switching out.'),('Rivalry','Increases damage inflicted to 1.25x against Pokemon of the same gender, but decreases damage to 0.75x against the opposite gender.'),('RKS System','By having the Pokemon hold items that correspond to each Pokemon type, it can change its own type.'),('Rock Head','Protects against recoil damage.'),('Rough Skin','Damages attacking Pokemon for 1/8 their max HP on contact.'),('Run Away','Ensures success fleeing from wild battles.'),('Sand Force','Strengthens rock, ground, and steel moves to 1.3x their power during a sandstorm. Protects against sandstorm damage.'),('Sand Rush','Doubles speed during a sandstorm. Protects against sandstorm damage.'),('Sand Stream','Summons a sandstorm that lasts indefinitely upon entering battle.'),('Sand Veil','Increases evasion to 1.25x during a sandstorm. Protects against sandstorm damage.'),('Sap Sipper','Absorbs grass moves, raising Attack one stage.'),('Schooling','The Pokemon can change form in battle to their School Form under certain conditions.'),('Scrappy','Lets the Pokemon\'s normal and fighting moves hit ghost Pokemon.'),('Serene Grace','Doubles the chance of moves\' extra effects occurring.'),('Shadow Shield','The Pokemon will take less damage from an attack that lands when the Pokemon has full HP.'),('Shadow Tag','Prevents opponents from fleeing or switching out.'),('Shed Skin','Has a 33% chance of curing any major status ailment after each turn.'),('Sheer Force','Strengthens moves with extra effects to 1.3x their power, but prevents their extra effects.'),('Shell Armor','Protects against critical hits.'),('Shield Dust','Protects against incoming moves\' extra effects.'),('Shields Down','The Pokemon will have excellent defensive capabilities and will be protected from status conditions as long as its shell is intact. When it HP drops below half, its shell will break, and it will change to a form better suited to attacking.'),('Simple','Doubles the Pokemon\'s stat modifiers. These doubled modifiers are still capped at -6 or 6 stages.'),('Skill Link','Extends two-to-five-hit moves and triple kick to their full length every time.'),('Slow Start','Halves Attack and Speed for five turns upon entering battle.'),('Slush Rush','During a hailstorm, the Speed stat of Pokemon with this ability is doubled. A Pokemon with this ability will take no damage from the hailstorm if it otherwise would.'),('Sniper','Strengthens critical hits to inflict 3x damage rather than 2x.'),('Snow Cloak','Increases evasion to 1.25x during hail. Protects against hail damage.'),('Snow Warning','Summons hail that lasts indefinitely upon entering battle.'),('Solar Power','Increases Sp.Attack to 1.5x but costs 1/8 max HP after each turn during strong sunlight.'),('Solid Rock','Decreases damage taken from super-effective moves by 1/4.'),('Soul-Heart','Raises the Pokemon\'s Sp.Attack by 1 each time another Pokemon in the area faints.'),('Soundproof','Protects against sound-based moves.'),('Speed Boost','Raises Speed one stage after each turn.'),('Stakeout','Moves deal twice the normal damage to any Pokemon that switch in or enter the field mid-battle.'),('Stall','Makes the Pokemon move last within its move\'s priority bracket.'),('Stamina','The Pokemon\'s Defense goes up by 1 when it\'s hit by an attack.'),('Stance Change','Changes Aegislash to Blade Form before using a damaging move, or Shield Form before using Kings Shield.'),(' Static','Has a 30% chance of paralyzing attacking Pokemon on contact.'),('Steadfast','Raises Speed one stage upon flinching.'),('Steelworker','Powers up Steel-type moves.'),('Stench','Has a 10% chance of making target Pokemon flinch with each hit.'),('Sticky Hold','Prevents a held item from being removed by other Pokemon.'),('Storm Drain','Redirects single-target water moves to this Pokemon where possible. Absorbs water moves, raising Sp.Attack one stage.'),('Strong Jaw','Strengthens biting moves to 1.5x their power.'),('Sturdy','Prevents being KOed from full HP, leaving 1 HP instead. Protects against the one-hit KO moves regardless of HP.'),('Suction Cups','Prevents being forced out of battle by other Pokemon\'s moves.'),('Super Luck','Raises moves\' critical hit rates one stage.'),('Surge Surfer','The Pokemon\'s Speed will be doubled on Electric Terrain.'),('Swarm','Strengthens bug moves to inflict 1.5x damage at 1/3 max HP or less.'),('Sweet Veil','Prevents friendly Pokemon from sleeping.'),('Swift Swim','Doubles Speed during rain.'),('Symbiosis','Passes the bearer\'s held item to an ally when the ally uses up its item.'),('Synchronize','Copies burns, paralysis, and poison received onto the Pokemon that inflicted them.'),('Tangled Feet','Doubles evasion when confused.'),('Tangling Hair','When a Pokemon with Tangling Hair is hit by a move that makes contact, the attacking Pokemon\'s Speed is reduced by one.'),('Technician','Strengthens moves of 60 base power or less to 1.5x their power.'),('Telepathy','Protects against friendly Pokemon\'s damaging moves.'),('Teravolt','Bypasses target\'s abilities if they could hinder or prevent moves.'),('Thick Fat','Halves damage from fire and ice moves.'),('Tinted Lens','Doubles damage inflicted with not-very-effective moves.'),('Torrent','Strengthens water moves to inflict 1.5x damage at 1/3 max HP or less.'),('Tough Claws','Strengthens moves that make contact to 1.33x their power.'),('Toxic Boost','Increases Attack to 1.5x when poisoned.'),('Trace','Copies an opponent\'s ability upon entering battle.'),('Triage','The Pokemon\'s restorative moves gain the highest priority in battle.'),('Truant','Skips every second turn.'),('Turboblaze','Bypasses targets\' abilities if they could hinder or prevent moves.'),('Unaware','Ignores other Pokemon\'s stat modifiers for damage and accuracy calculation.'),('Unburden','Doubles Speed upon using or losing a held item.'),('Unnerve','Prevents opposing Pokemon from eating held berries.'),('Victory Star','Increases moves\' accuracy to 1.1x for friendly Pokemon.'),('Vital Spirit','Prevents sleep.'),('Volt Absorb','Absorbs electric moves, healing for 1/4 max HP.'),('Water Absorb','Absorbs water moves, healing for 1/4 max HP.'),('Water Bubble','Lowers the power of Fire-type moves done to the Pokemon and prevents the Pokemon from getting a burn.'),('Water Compaction','The Pokemon\'s Defense stat will go up by 2 if it\'s hit with a Water-type move.'),('Water Veil','Prevents burns.'),('Weak Armor','Raises Speed and lowers Defense by one stage each upon being hit by a physical move.'),('White Smoke','Prevents stats from being lowered by other Pokemon.'),('Wimp Out','If the Pokemon\'s HP drops below half in battle, it will run away or swap out for another Pokemon.'),('Wonder Guard','Protects against damaging moves that are not super effective.'),('Wonder Skin','Lowers incoming non-damaging moves\' base accuracy to exactly 50%.'),('Zen Mode','Changes Darmanitan\'s form after each turn depending on its HP. Zen Mode below 50% max HP, and Standard Mode otherwise.');
/*!40000 ALTER TABLE `abilities` ENABLE KEYS */;
UNLOCK TABLES;

--
-- Table structure for table `evolutions`
--

DROP TABLE IF EXISTS `evolutions`;
/*!40101 SET @saved_cs_client     = @@character_set_client */;
/*!40101 SET character_set_client = utf8 */;
CREATE TABLE `evolutions` (
  `pokemon_number_base` varchar(5) DEFAULT NULL,
  `pokemon_number_evolved` varchar(5) DEFAULT NULL,
  `evolution_condition` varchar(50) DEFAULT NULL
) ENGINE=InnoDB DEFAULT CHARSET=utf8mb4;
/*!40101 SET character_set_client = @saved_cs_client */;

--
-- Dumping data for table `evolutions`
--

LOCK TABLES `evolutions` WRITE;
/*!40000 ALTER TABLE `evolutions` DISABLE KEYS */;
INSERT INTO `evolutions` VALUES ('#001','#002','Level 16'),('#002','#003','Level 32'),('#004','#005','Level 16'),('#005','#006','Level 36'),('#007','#008','Level 16'),('#008','#009','Level 36'),('#010','#011','Level 7'),('#011','#012','Level 10'),('#013','#014','Level 7'),('#014','#015','Level 10'),('#016','#017','Level 18'),('#017','#018','Level 36'),('#019','#020','Level 20'),('#021','#022','Level 20'),('#023','#024','Level 22'),('#025','#026','Thunder Stone'),('#027','#028','Level 22'),('#029','#030','Level 16'),('#030','#031','Moon Stone'),('#032','#033','Level 16'),('#033','#034','Moon Stone'),('#035','#036','Moon Stone'),('#037','#038','Fire Stone'),('#039','#040','Moon Stone'),('#041','#042','Level 22'),('#043','#044','Level 21'),('#044','#045','Leaf Stone'),('#046','#047','Level 24'),('#048','#049','Level 31'),('#050','#051','Level 26'),('#052','#053','Level 28'),('#054','#055','Level 33'),('#056','#057','Level 28'),('#058','#059','Fire Stone'),('#060','#061','Level 25'),('#061','#062','Water Stone'),('#063','#064','Level 16'),('#064','#065','Trade'),('#066','#067','Level 28'),('#067','#068','Trade'),('#069','#070','Level 21'),('#070','#071','Leaf Stone'),('#072','#073','Level 30'),('#074','#075','Level 25'),('#075','#076','Trade'),('#077','#078','Level 40'),('#079','#080','Level 37'),('#081','#082','Level 30'),('#084','#085','Level 31'),('#086','#087','Level 34'),('#088','#089','Level 38'),('#090','#091','Water Stone'),('#092','#093','Level 25'),('#093','#094','Trade'),('#096','#097','Level 26'),('#098','#099','Level 28'),('#100','#101','Level 30'),('#102','#103','Leaf Stone'),('#104','#105','Level 28'),('#109','#110','Level 35'),('#111','#112','Level 42'),('#116','#117','Level 32'),('#118','#119','Level 33'),('#120','#121','Water Stone'),('#129','#130','Level 20'),('#133','#134','Water Stone'),('#133','#135','Thunder Stone'),('#133','#136','Fire Stone'),('#138','#139','Level 40'),('#140','#141','Level 40'),('#147','#148','Level 30'),('#148','#149','Level 55');
/*!40000 ALTER TABLE `evolutions` ENABLE KEYS */;
UNLOCK TABLES;

--
-- Table structure for table `moves`
--

DROP TABLE IF EXISTS `moves`;
/*!40101 SET @saved_cs_client     = @@character_set_client */;
/*!40101 SET character_set_client = utf8 */;
CREATE TABLE `moves` (
  `move_name` varchar(50) DEFAULT NULL,
  `move_power` varchar(5) DEFAULT NULL,
  `move_accuracy` varchar(3) DEFAULT NULL,
  `move_pp` varchar(3) DEFAULT NULL,
  `move_type` varchar(20) DEFAULT NULL,
  `move_category` varchar(20) DEFAULT NULL
) ENGINE=InnoDB DEFAULT CHARSET=utf8mb4;
/*!40101 SET character_set_client = @saved_cs_client */;

--
-- Dumping data for table `moves`
--

LOCK TABLES `moves` WRITE;
/*!40000 ALTER TABLE `moves` DISABLE KEYS */;
INSERT INTO `moves` VALUES ('10,000,000 Volt Thunderbolt','195','-','-','Electric','Special'),('Absorb','20','100','25','Grass','Special'),('Accelerock','40','100','20','Rock','Physical'),('Acid','40','100','30','Poison','Special'),('Acid Armor','-','-','20','Poison','Status'),('Acid Downpour','-','-','-','Poison','Unknown'),('Acid Spray','40','100','20','Poison','Special'),('Acrobatics','55','100','15','Flying','Physical'),('Acupressure','-','-','30','Normal','Status'),('Aerial Ace','60','-','20','Flying','Physical'),('Aeroblast','100','95','5','Flying','Special'),('After You','-','-','15','Normal','Status'),('Agility','-','-','30','Psychic','Status'),('Air Cutter','60','95','25','Flying','Special'),('Air Slash','75','95','15','Flying','Special'),('All-Out Pummeling','-','-','-','Fighting','Unknown'),('Ally Switch','-','-','15','Psychic','Status'),('Amnesia','-','-','20','Psychic','Status'),('Anchor Shot','80','100','20','Steel','Physical'),('Ancient Power','60','100','5','Rock','Special'),('Aqua Jet','40','100','20','Water','Physical'),('Aqua Ring','-','-','20','Water','Status'),('Aqua Tail','90','90','10','Water','Physical'),('Arm Thrust','15','100','20','Fighting','Physical'),('Aromatherapy','-','-','5','Grass','Status'),('Aromatic Mist','-','-','20','Fairy','Status'),('Assist','-','-','20','Normal','Status'),('Assurance','60','100','10','Dark','Physical'),('Astonish','30','100','15','Ghost','Physical'),('Attack Order','90','100','15','Bug','Physical'),('Attract','-','100','15','Normal','Status'),('Aura Sphere','80','-','20','Fighting','Special'),('Aurora Beam','65','100','20','Ice','Special'),('Aurora Veil','-','-','20','Ice','Status'),('Autotomize','-','-','15','Steel','Status'),('Avalanche','60','100','10','Ice','Physical'),('Baby-Doll Eyes','-','100','30','Fairy','Status'),('Baddy Bad','90','100','15','Dark','Special'),('Baneful Bunker','-','-','10','Poison','Status'),('Barrage','15','85','20','Normal','Physical'),('Barrier','-','-','20','Psychic','Status'),('Baton Pass','-','-','40','Normal','Status'),('Beak Blast','100','100','15','Flying','Physical'),('Beat Up','-','100','10','Dark','Physical'),('Belch','120','90','10','Poison','Special'),('Belly Drum','-','-','10','Normal','Status'),('Bestow','-','-','15','Normal','Status'),('Bide','-','-','10','Normal','Physical'),('Bind','15','85','20','Normal','Physical'),('Bite','60','100','25','Dark','Physical'),('Black Hole Eclipse','-','-','-','Dark','Unknown'),('Blast Burn','150','90','5','Fire','Special'),('Blaze Kick','85','90','10','Fire','Physical'),('Blizzard','110','70','5','Ice','Special'),('Block','-','-','5','Normal','Status'),('Bloom Doom','-','-','-','Grass','Unknown'),('Blue Flare','130','85','5','Fire','Special'),('Body Slam','85','100','15','Normal','Physical'),('Bolt Strike','130','85','5','Electric','Physical'),('Bone Club','65','85','20','Ground','Physical'),('Bone Rush','25','90','10','Ground','Physical'),('Bonemerang','50','90','10','Ground','Physical'),('Boomburst','140','100','10','Normal','Special'),('Bounce','85','85','5','Flying','Physical'),('Bouncy Bubble','90','100','15','Water','Special'),('Brave Bird','120','100','15','Flying','Physical'),('Breakneck Blitz','-','-','-','Normal','Unknown'),('Brick Break','75','100','15','Fighting','Physical'),('Brine','65','100','10','Water','Special'),('Brutal Swing','60','100','20','Dark','Physical'),('Bubble','40','100','30','Water','Special'),('Bubble Beam','65','100','20','Water','Special'),('Bug Bite','60','100','20','Bug','Physical'),('Bug Buzz','90','100','10','Bug','Special'),('Bulk Up','-','-','20','Fighting','Status'),('Bulldoze','60','100','20','Ground','Physical'),('Bullet Punch','40','100','30','Steel','Physical'),('Bullet Seed','25','100','30','Grass','Physical'),('Burn Up','130','100','5','Fire','Special'),('Buzzy Buzz','90','100','15','Electric','Special'),('Calm Mind','-','-','20','Psychic','Status'),('Camouflage','-','-','20','Normal','Status'),('Captivate','-','100','20','Normal','Status'),('Catastropika','210','-','-','Electric','Physical'),('Celebrate','-','-','40','Normal','Status'),('Charge','-','-','20','Electric','Status'),('Charge Beam','50','90','10','Electric','Special'),('Charm','-','100','20','Fairy','Status'),('Chatter','65','100','20','Flying','Special'),('Chip Away','70','100','20','Normal','Physical'),('Circle Throw','60','90','10','Fighting','Physical'),('Clamp','35','85','15','Water','Physical'),('Clanging Scales','110','100','5','Dragon','Special'),('Clangorous Soulblaze','-','-','-','Dragon','Special'),('Clear Smog','50','-','15','Poison','Special'),('Close Combat','120','100','5','Fighting','Physical'),('Coil','-','-','20','Poison','Status'),('Comet Punch','18','85','15','Normal','Physical'),('Confide','-','-','20','Normal','Status'),('Confuse Ray','-','100','10','Ghost','Status'),('Confusion','50','100','25','Psychic','Special'),('Constrict','10','100','35','Normal','Physical'),('Continental Crush','-','-','-','Rock','Unknown'),('Conversion','-','-','30','Normal','Status'),('Conversion 2','-','-','30','Normal','Status'),('Copycat','-','-','20','Normal','Status'),('Core Enforcer','100','100','10','Dragon','Special'),('Corkscrew Crash','-','-','-','Steel','Unknown'),('Cosmic Power','-','-','20','Psychic','Status'),('Cotton Guard','-','-','10','Grass','Status'),('Cotton Spore','-','100','40','Grass','Status'),('Counter','-','100','20','Fighting','Physical'),('Covet','60','100','25','Normal','Physical'),('Crabhammer','100','90','10','Water','Physical'),('Crafty Shield','-','-','10','Fairy','Status'),('Cross Chop','100','80','5','Fighting','Physical'),('Cross Poison','70','100','20','Poison','Physical'),('Crunch','80','100','15','Dark','Physical'),('Crush Claw','75','95','10','Normal','Physical'),('Crush Grip','-','100','5','Normal','Physical'),('Curse','-','-','10','Ghost','Status'),('Cut','50','95','30','Normal','Physical'),('Dark Pulse','80','100','15','Dark','Special'),('Dark Void','-','80','10','Dark','Status'),('Darkest Lariat','85','100','10','Dark','Physical'),('Dazzling Gleam','80','100','10','Fairy','Special'),('Defend Order','-','-','10','Bug','Status'),('Defense Curl','-','-','40','Normal','Status'),('Defog','-','-','15','Flying','Status'),('Destiny Bond','-','-','5','Ghost','Status'),('Detect','-','-','5','Fighting','Status'),('Devastating Drake','-','-','-','Dragon','Unknown'),('Diamond Storm','100','95','5','Rock','Physical'),('Dig','80','100','10','Ground','Physical'),('Disable','-','100','20','Normal','Status'),('Disarming Voice','40','-','15','Fairy','Special'),('Discharge','80','100','15','Electric','Special'),('Dive','80','100','10','Water','Physical'),('Dizzy Punch','70','100','10','Normal','Physical'),('Doom Desire','140','100','5','Steel','Special'),('Double Hit','35','90','10','Normal','Physical'),('Double Iron Bash','60','100','5','Steel','Physical'),('Double Kick','30','100','30','Fighting','Physical'),('Double Slap','15','85','10','Normal','Physical'),('Double Team','-','-','15','Normal','Status'),('Double-Edge','120','100','15','Normal','Physical'),('Draco Meteor','130','90','5','Dragon','Special'),('Dragon Ascent','120','100','5','Flying','Physical'),('Dragon Breath','60','100','20','Dragon','Special'),('Dragon Claw','80','100','15','Dragon','Physical'),('Dragon Dance','-','-','20','Dragon','Status'),('Dragon Hammer','90','100','15','Dragon','Physical'),('Dragon Pulse','85','100','10','Dragon','Special'),('Dragon Rage','-','100','10','Dragon','Special'),('Dragon Rush','100','75','10','Dragon','Physical'),('Dragon Tail','60','90','10','Dragon','Physical'),('Drain Punch','75','100','10','Fighting','Physical'),('Draining Kiss','50','100','10','Fairy','Special'),('Dream Eater','100','100','15','Psychic','Special'),('Drill Peck','80','100','20','Flying','Physical'),('Drill Run','80','95','10','Ground','Physical'),('Dual Chop','40','90','15','Dragon','Physical'),('Dynamic Punch','100','50','5','Fighting','Physical'),('Earth Power','90','100','10','Ground','Special'),('Earthquake','100','100','10','Ground','Physical'),('Echoed Voice','40','100','15','Normal','Special'),('Eerie Impulse','-','100','15','Electric','Status'),('Egg Bomb','100','75','10','Normal','Physical'),('Electric Terrain','-','-','10','Electric','Status'),('Electrify','-','-','20','Electric','Status'),('Electro Ball','-','100','10','Electric','Special'),('Electroweb','55','95','15','Electric','Special'),('Embargo','-','100','15','Dark','Status'),('Ember','40','100','25','Fire','Special'),('Encore','-','100','5','Normal','Status'),('Endeavor','-','100','5','Normal','Physical'),('Endure','-','-','10','Normal','Status'),('Energy Ball','90','100','10','Grass','Special'),('Entrainment','-','100','15','Normal','Status'),('Eruption','150','100','5','Fire','Special'),('Explosion','250','100','5','Normal','Physical'),('Extrasensory','80','100','20','Psychic','Special'),('Extreme Evoboost','-','-','-','Normal','Status'),('Extreme Speed','80','100','5','Normal','Physical'),('Facade','70','100','20','Normal','Physical'),('Fairy Lock','-','-','10','Fairy','Status'),('Fairy Wind','40','100','30','Fairy','Special'),('Fake Out','40','100','10','Normal','Physical'),('Fake Tears','-','100','20','Dark','Status'),('False Swipe','40','100','40','Normal','Physical'),('Feather Dance','-','100','15','Flying','Status'),('Feint','30','100','10','Normal','Physical'),('Feint Attack','60','-','20','Dark','Physical'),('Fell Stinger','30','100','25','Bug','Physical'),('Fiery Dance','80','100','10','Fire','Special'),('Final Gambit','-','100','5','Fighting','Special'),('Fire Blast','110','85','5','Fire','Special'),('Fire Fang','65','95','15','Fire','Physical'),('Fire Lash','80','100','15','Fire','Physical'),('Fire Pledge','80','100','10','Fire','Special'),('Fire Punch','75','100','15','Fire','Physical'),('Fire Spin','35','85','15','Fire','Special'),('First Impression','90','100','10','Bug','Physical'),('Fissure','-','30','5','Ground','Physical'),('Flail','-','100','15','Normal','Physical'),('Flame Burst','70','100','15','Fire','Special'),('Flame Charge','50','100','20','Fire','Physical'),('Flame Wheel','60','100','25','Fire','Physical'),('Flamethrower','90','100','15','Fire','Special'),('Flare Blitz','120','100','15','Fire','Physical'),('Flash','-','100','20','Normal','Status'),('Flash Cannon','80','100','10','Steel','Special'),('Flatter','-','100','15','Dark','Status'),('Fleur Cannon','130','90','5','Fairy','Special'),('Fling','-','100','10','Dark','Physical'),('Floaty Fall','90','95','15','Flying','Physical'),('Floral Healing','-','-','10','Fairy','Status'),('Flower Shield','-','-','10','Fairy','Status'),('Fly','90','95','15','Flying','Physical'),('Flying Press','80','95','10','Fighting','Physical'),('Focus Blast','120','70','5','Fighting','Special'),('Focus Energy','-','-','30','Normal','Status'),('Focus Punch','150','100','20','Fighting','Physical'),('Follow Me','-','-','20','Normal','Status'),('Force Palm','60','100','10','Fighting','Physical'),('Foresight','-','-','40','Normal','Status'),('Forest\'s Curse','-','100','20','Grass','Status'),('Foul Play','95','100','15','Dark','Physical'),('Freeze Shock','140','90','5','Ice','Physical'),('Freeze-Dry','70','100','20','Ice','Special'),('Freezy Frost','90','100','15','Ice','Special'),('Frenzy Plant','150','90','5','Grass','Special'),('Frost Breath','60','90','10','Ice','Special'),('Frustration','-','100','20','Normal','Physical'),('Fury Attack','15','85','20','Normal','Physical'),('Fury Cutter','40','95','20','Bug','Physical'),('Fury Swipes','18','80','15','Normal','Physical'),('Fusion Bolt','100','100','5','Electric','Physical'),('Fusion Flare','100','100','5','Fire','Special'),('Future Sight','120','100','10','Psychic','Special'),('Gastro Acid','-','100','10','Poison','Status'),('Gear Grind','50','85','15','Steel','Physical'),('Gear Up','-','-','20','Steel','Status'),('Genesis Supernova','185','-','-','Psychic','Special'),('Geomancy','-','-','10','Fairy','Status'),('Giga Drain','75','100','10','Grass','Special'),('Giga Impact','150','90','5','Normal','Physical'),('Gigavolt Havoc','-','-','-','Electric','Unknown'),('Glaciate','65','95','10','Ice','Special'),('Glare','-','100','30','Normal','Status'),('Glitzy Glow','90','100','15','Psychic','Special'),('Grass Knot','-','100','20','Grass','Special'),('Grass Pledge','80','100','10','Grass','Special'),('Grass Whistle','-','55','15','Grass','Status'),('Grassy Terrain','-','-','10','Grass','Status'),('Gravity','-','-','5','Psychic','Status'),('Growl','-','100','40','Normal','Status'),('Growth','-','-','20','Normal','Status'),('Grudge','-','-','5','Ghost','Status'),('Guard Split','-','-','10','Psychic','Status'),('Guard Swap','-','-','10','Psychic','Status'),('Guardian of Alola','-','-','-','Fairy','Special'),('Guillotine','-','30','5','Normal','Physical'),('Gunk Shot','120','80','5','Poison','Physical'),('Gust','40','100','35','Flying','Special'),('Gyro Ball','-','100','5','Steel','Physical'),('Hail','-','-','10','Ice','Status'),('Hammer Arm','100','90','10','Fighting','Physical'),('Happy Hour','-','-','30','Normal','Status'),('Harden','-','-','30','Normal','Status'),('Haze','-','-','30','Ice','Status'),('Head Charge','120','100','15','Normal','Physical'),('Head Smash','150','80','5','Rock','Physical'),('Headbutt','70','100','15','Normal','Physical'),('Heal Bell','-','-','5','Normal','Status'),('Heal Block','-','100','15','Psychic','Status'),('Heal Order','-','-','10','Bug','Status'),('Heal Pulse','-','-','10','Psychic','Status'),('Healing Wish','-','-','10','Psychic','Status'),('Heart Stamp','60','100','25','Psychic','Physical'),('Heart Swap','-','-','10','Psychic','Status'),('Heat Crash','-','100','10','Fire','Physical'),('Heat Wave','95','90','10','Fire','Special'),('Heavy Slam','-','100','10','Steel','Physical'),('Helping Hand','-','-','20','Normal','Status'),('Hex','65','100','10','Ghost','Special'),('Hidden Power','60','100','15','Normal','Special'),('High Horsepower','95','95','10','Ground','Physical'),('High Jump Kick','130','90','10','Fighting','Physical'),('Hold Back','40','100','40','Normal','Physical'),('Hold Hands','-','-','40','Normal','Status'),('Hone Claws','-','-','15','Dark','Status'),('Horn Attack','65','100','25','Normal','Physical'),('Horn Drill','-','30','5','Normal','Physical'),('Horn Leech','75','100','10','Grass','Physical'),('Howl','-','-','40','Normal','Status'),('Hurricane','110','70','10','Flying','Special'),('Hydro Cannon','150','90','5','Water','Special'),('Hydro Pump','110','80','5','Water','Special'),('Hydro Vortex','-','-','-','Water','Unknown'),('Hyper Beam','150','90','5','Normal','Special'),('Hyper Fang','80','90','15','Normal','Physical'),('Hyper Voice','90','100','10','Normal','Special'),('Hyperspace Fury','100','-','5','Dark','Physical'),('Hyperspace Hole','80','-','5','Psychic','Special'),('Hypnosis','-','60','20','Psychic','Status'),('Ice Ball','30','90','20','Ice','Physical'),('Ice Beam','90','100','10','Ice','Special'),('Ice Burn','140','90','5','Ice','Special'),('Ice Fang','65','95','15','Ice','Physical'),('Ice Hammer','100','90','10','Ice','Physical'),('Ice Punch','75','100','15','Ice','Physical'),('Ice Shard','40','100','30','Ice','Physical'),('Icicle Crash','85','90','10','Ice','Physical'),('Icicle Spear','25','100','30','Ice','Physical'),('Icy Wind','55','95','15','Ice','Special'),('Imprison','-','-','10','Psychic','Status'),('Incinerate','60','100','15','Fire','Special'),('Inferno','100','50','5','Fire','Special'),('Inferno Overdrive','-','-','-','Fire','Unknown'),('Infestation','20','100','20','Bug','Special'),('Ingrain','-','-','20','Grass','Status'),('Instruct','-','-','15','Psychic','Status'),('Ion Deluge','-','-','25','Electric','Status'),('Iron Defense','-','-','15','Steel','Status'),('Iron Head','80','100','15','Steel','Physical'),('Iron Tail','100','75','15','Steel','Physical'),('Judgement','100','100','10','Normal','Special'),('Jump Kick','100','95','10','Fighting','Physical'),('Karate Chop','50','100','25','Fighting','Physical'),('Kinesis','-','80','15','Psychic','Status'),('King\'s Shield','-','-','10','Steel','Status'),('Knock Off','65','100','20','Dark','Physical'),('Land\'s Wrath','90','100','10','Ground','Physical'),('Laser Focus','-','-','30','Normal','Status'),('Last Resort','140','100','5','Normal','Physical'),('Lava Plume','80','100','15','Fire','Special'),('Leaf Blade','90','100','15','Grass','Physical'),('Leaf Storm','130','90','5','Grass','Special'),('Leaf Tornado','65','90','10','Grass','Special'),('Leafage','40','100','40','Grass','Physical'),('Leech Life','20','100','15','Bug','Physical'),('Leech Seed','-','90','10','Grass','Status'),('Leer','-','100','30','Normal','Status'),('Let\'s Snuggle Forever','-','-','-','Fairy','Physical'),('Lick','30','100','30','Ghost','Physical'),('Light of Ruin','140','90','5','Fairy','Special'),('Light Screen','-','-','20','Psychic','Status'),('Light that Burns the Sky','-','-','-','Psychic','Special'),('Liquidation','85','100','10','Water','Physical'),('Lock-On','-','-','5','Normal','Status'),('Lovely Kiss','-','75','10','Normal','Status'),('Low Kick','-','100','20','Fighting','Physical'),('Low Sweep','65','100','20','Fighting','Physical'),('Lucky Chant','-','-','30','Normal','Status'),('Lunar Dance','-','-','10','Psychic','Status'),('Lunge','80','100','15','Bug','Physical'),('Luster Purge','70','100','5','Psychic','Special'),('Mach Punch','40','100','30','Fighting','Physical'),('Magic Coat','-','-','15','Psychic','Status'),('Magic Room','-','-','10','Psychic','Status'),('Magical Leaf','60','-','20','Grass','Special'),('Magma Storm','100','75','5','Fire','Special'),('Magnet Bomb','60','-','20','Steell','Physical'),('Magnet Rise','-','-','10','Electric','Status'),('Magnetic Flux','-','-','20','Electric','Status'),('Magnitude','-','100','30','Ground','Physical'),('Malicious Moonsault','180','-','-','Dark','Physical'),('Mat Block','-','-','10','Fighting','Status'),('Me First','-','-','20','Normal','Status'),('Mean Look','-','-','5','Normal','Status'),('Meditate','-','-','40','Psychic','Status'),('Mega Drain','40','100','15','Grass','Special'),('Mega Kick','120','75','5','Normal','Physical'),('Mega Punch','80','85','20','Normal','Physical'),('Megahorn','120','85','10','Bug','Physical'),('Memento','-','100','10','Dark','Status'),('Menacing Moonraze Maelstrom','-','-','-','Ghost','Special'),('Metal Burst','-','100','10','Steel','Physical'),('Metal Claw','50','95','35','Steel','Physical'),('Metal Sound','-','85','40','Steel','Status'),('Meteor Mash','90','90','10','Steel','Physical'),('Metronome','-','-','10','Normal','Status'),('Milk Drink','-','-','10','Normal','Status'),('Mimic','-','-','10','Normal','Status'),('Mind Blown','150','100','5','Fire','Special'),('Mind Reader','-','-','5','Normal','Status'),('Minimize','-','-','10','Normal','Status'),('Miracle Eye','-','-','40','Psychic','Status'),('Mirror Coat','-','100','20','Psychic','Special'),('Mirror Move','-','-','20','Flying','Status'),('Mirror Shot','65','85','10','Steel','Special'),('Mist','-','-','30','Ice','Status'),('Mist Ball','70','100','5','Psychic','Special'),('Misty Terrain','-','-','10','Fairy','Status'),('Moonblast','95','100','15','Fairy','Special'),('Moongeist Beam','100','100','5','Ghost','Special'),('Moonlight','-','-','5','Fairy','Status'),('Morning Sun','-','-','5','Normal','Status'),('Mud Bomb','65','85','10','Ground','Special'),('Mud Shot','55','95','15','Ground','Special'),('Mud Sport','-','-','15','Ground','Status'),('Mud-Slap','20','100','10','Ground','Special'),('Muddy Water','90','85','10','Water','Special'),('Multi-Attack','90','100','10','Normal','Physical'),('Mystical Fire','65','100','10','Fire','Special'),('Nasty Plot','-','-','20','Dark','Status'),('Natural Gift','-','100','15','Normal','Physical'),('Nature Power','-','-','20','Normal','Status'),('Nature\'s Madness','-','90','10','Fairy','Special'),('Needle Arm','60','100','15','Grass','Physical'),('Never-Ending Nightmare','-','-','-','Ghost','Unknown'),('Night Daze','85','95','10','Dark','Special'),('Night Shade','-','100','15','Ghost','Special'),('Night Slash','70','100','15','Dark','Physical'),('Nightmare','-','100','15','Ghost','Status'),('Noble Roar','-','100','30','Normal','Status'),('Nuzzle','20','100','20','Electric','Physical'),('Oblivion Wing','80','100','10','Flying','Special'),('Oceanic Operetta','195','-','-','Water','Special'),('Octazooka','65','85','10','Water','Special'),('Odor Sleuth','-','-','40','Normal','Status'),('Ominous Wind','60','100','5','Ghost','Special'),('Origin Pulse','110','85','10','Water','Special'),('Outrage','120','100','10','Dragon','Physical'),('Overheat','130','90','5','Fire','Special'),('Pain Split','-','-','20','Normal','Status'),('Parabolic Charge','50','100','20','Electric','Special'),('Parting Shot','-','100','20','Dark','Status'),('Pay Day','40','100','20','Normal','Physical'),('Payback','50','100','10','Dark','Physical'),('Peck','35','100','35','Flying','Physical'),('Perish Song','-','-','5','Normal','Status'),('Petal Blizzard','90','100','15','Grass','Physical'),('Petal Dance','120','100','10','Grass','Special'),('Phantom Force','90','100','10','Ghost','Physical'),('Photon Geyser','100','100','5','Psychic','Special'),('Pika Papow','-','-','20','Electric','Special'),('Pin Missile','25','95','20','Bug','Physical'),('Plasma Fists','100','100','15','Electric','Physical'),('Play Nice','-','-','20','Normal','Status'),('Play Rough','90','90','10','Fairy','Physical'),('Pluck','60','100','20','Flying','Physical'),('Poison Fang','50','100','15','Poison','Physical'),('Poison Gas','-','90','40','Poison','Status'),('Poison Jab','80','100','20','Poison','Physical'),('Poison Powder','-','75','35','Poison','Status'),('Poison Sting','15','100','35','Poison','Physical'),('Poison Tail','50','100','25','Poison','Physical'),('Pollen Puff','90','100','15','Bug','Special'),('Pound','40','100','35','Normal','Physical'),('Powder','-','100','20','Bug','Status'),('Powder Snow','40','100','25','Ice','Special'),('Power Gem','80','100','20','Rock','Special'),('Power Split','-','-','10','Psychic','Status'),('Power Swap','-','-','10','Psychic','Status'),('Power Trick','-','-','10','Psychic','Status'),('Power Trip','20','100','10','Dark','Physical'),('Power Whip','120','85','10','Grass','Physical'),('Power-Up Punch','40','100','20','Fighting','Physical'),('Precipice Blades','120','85','10','Ground','Physical'),('Present','-','90','15','Normal','Physical'),('Prismatic Laser','160','100','10','Psychic','Special'),('Protect','-','-','10','Normal','Status'),('Psybeam','65','100','20','Psychic','Special'),('Psych Up','-','-','10','Normal','Status'),('Psychic','90','100','10','Psychic','Special'),('Psychic Fangs','85','100','10','Psychic','Physical'),('Psychic Terrain','-','-','10','Psychic','Status'),('Psycho Boost','140','90','5','Psychic','Special'),('Psycho Cut','70','100','20','Psychic','Physical'),('Psycho Shift','-','100','10','Psychic','Status'),('Psyshock','80','100','10','Psychic','Special'),('Psystrike','100','100','10','Psychic','Special'),('Psywave','-','100','15','Psychic','Special'),('Pulverizing Pancake','210','-','-','Normal','Physical'),('Punishment','-','100','5','Dark','Physical'),('Purify','-','-','20','Poison','Status'),('Pursuit','40','100','20','Dark','Physical'),('Quash','-','100','15','Dark','Status'),('Quick Attack','40','100','30','Normal','Physical'),('Quick Guard','-','-','15','Fighting','Status'),('Quiver Dance','-','-','20','Bug','Status'),('Rage','20','100','20','Normal','Physical'),('Rage Powder','-','-','20','Bug','Status'),('Rain Dance','-','-','5','Water','Status'),('Rapid Spin','20','100','40','Normal','Physical'),('Razor Leaf','55','95','25','Grass','Physical'),('Razor Shell','75','95','10','Water','Physical'),('Razor Wind','80','100','10','Normal','Special'),('Recover','-','-','10','Normal','Status'),('Recycle','-','-','10','Normal','Status'),('Reflect','-','-','20','Psychic','Status'),('Reflect Type','-','-','15','Normal','Status'),('Refresh','-','-','20','Normal','Status'),('Relic Song','75','100','10','Normal','Special'),('Rest','-','-','10','Psychic','Status'),('Retaliate','70','100','5','Normal','Physical'),('Return','-','100','20','Normal','Physical'),('Revelation Dance','90','100','15','Normal','Special'),('Revenge','60','100','10','Fighting','Physical'),('Reversal','-','100','15','Fighting','Physical'),('Roar','-','-','20','Normal','Status'),('Roar of Time','150','90','5','Dragon','Special'),('Rock Blast','25','90','10','Rock','Physical'),('Rock Climb','90','85','20','Normal','Physical'),('Rock Polish','-','-','20','Rock','Status'),('Rock Slide','75','90','10','Rock','Physical'),('Rock Smash','40','100','15','Fighting','Physical'),('Rock Throw','50','90','15','Rock','Physical'),('Rock Tomb','60','95','15','Rock','Physical'),('Rock Wrecker','150','90','5','Rock','Physical'),('Role Play','-','-','10','Psychic','Status'),('Rolling Kick','60','85','15','Fighting','Physical'),('Rollout','30','90','20','Rock','Physical'),('Roost','-','-','10','Flying','Status'),('Rototiller','-','-','10','Ground','Status'),('Round','60','100','15','Normal','Special'),('Sacred Fire','100','95','5','Fire','Physical'),('Sacred Sword','90','100','15','Fighting','Physical'),('Safeguard','-','-','25','Normal','Status'),('Sand Attack','-','100','15','Ground','Status'),('Sand Tomb','35','85','15','Ground','Physical'),('Sandstorm','-','-','10','Rock','Status'),('Sappy Seed','90','100','15','Grass','Physical'),('Savage Spin-Out','-','-','-','Bug','Unknown'),('Scald','80','100','15','Water','Special'),('Scary Face','-','100','10','Normal','Status'),('Scratch','40','100','35','Normal','Physical'),('Screech','0','85','40','Normal','Status'),('Searing Shot','100','100','5','Fire','Special'),('Searing Sunraze Smash','-','-','-','Fire','Physical'),('Secret Power','70','100','20','Normal','Physical'),('Secret Sword','85','100','10','Fighting','Special'),('Seed Bomb','80','100','15','Grass','Special'),('Seed Flare','120','85','5','Grass','Special'),('Seismic Toss','-','100','20','Fighting','Physical'),('Self-Destruct','200','100','5','Normal','Physical'),('Shadow Ball','80','100','15','Ghost','Special'),('Shadow Bone','85','100','10','Ghost','Physical'),('Shadow Claw','70','100','15','Ghost','Physical'),('Shadow Force','120','100','5','Ghost','Physical'),('Shadow Punch','60','-','20','Ghost','Physical'),('Shadow Sneak','40','100','30','Ghost','Physical'),('Sharpen','-','-','30','Normal','Status'),('Shattered Psyche','-','-','-','Psychic','Unknown'),('Sheer Cold','-','30','5','Ice','Special'),('Shell Smash','-','-','15','Normal','Status'),('Shell Trap','150','100','5','Fire','Special'),('Shift Gear','-','-','10','Steel','Status'),('Shock Wave','60','-','20','Electric','Special'),('Shore Up','-','-','10','Ground','Status'),('Signal Beam','75','100','15','Bug','Special'),('Silver Wind','60','100','5','Bug','Special'),('Simple Beam','-','100','15','Normal','Status'),('Sing','-','55','15','Normal','Status'),('Sinister Arrow Raid','180','-','-','Ghost','Physical'),('Sizzly Slide','90','100','15','Fire','Physical'),('Sketch','-','-','1','Normal','Status'),('Skill Swap','-','-','10','Psychic','Status'),('Skull Bash','130','100','10','Normal','Physical'),('Sky Attack','140','90','5','Flying','Physical'),('Sky Drop','60','100','10','Flying','Physical'),('Sky Uppercut','85','90','15','Fighting','Physical'),('Slack Off','-','-','10','Normal','Status'),('Slam','80','75','20','Normal','Physical'),('Slash','70','100','20','Normal','Physical'),('Sleep Powder','-','75','15','Grass','Status'),('Sleep Talk','-','-','10','Normal','Status'),('Sludge','65','100','20','Poison','Special'),('Sludge Bomb','90','100','10','Poison','Special'),('Sludge Wave','95','100','10','Poison','Special'),('Smack Down','50','100','15','Rock','Physical'),('Smart Strike','70','-','10','Steel','Physical'),('Smelling Salts','70','100','10','Normal','Physical'),('Smog','30','70','20','Poison','Special'),('Smokescreen','-','100','20','Normal','Status'),('Snarl','55','95','15','Dark','Special'),('Snatch','-','-','10','Dark','Status'),('Snore','50','100','15','Normal','Special'),('Soak','-','100','20','Water','Status'),('Soft-Boiled','-','-','10','Normal','Status'),('Solar Beam','120','100','10','Grass','Special'),('Solar Blade','125','100','10','Grass','Physical'),('Sonic Boom','-','90','20','Normal','Special'),('Soul-Stealing 7-Star Strike','195','-','-','Ghost','Physical'),('Spacial Rend','100','95','5','Dragon','Special'),('Spark','65','100','20','Electric','Physical'),('Sparkling Aria','90','100','10','Water','Special'),('Sparkly Swirl','90','100','15','Fairy','Special'),('Spectral Thief','90','100','10','Ghost','Physical'),('Speed Swap','-','-','10','Psychic','Status'),('Spider Web','-','-','10','Bug','Status'),('Spike Cannon','20','100','15','Normal','Physical'),('Spikes','-','-','20','Ground','Status'),('Spiky Shield','-','-','10','Grass','Status'),('Spirit Shackle','80','100','10','Ghost','Physical'),('Spit Up','-','100','10','Normal','Special'),('Spite','-','100','10','Ghost','Status'),('Splash','-','-','40','Normal','Status'),('Splintered Stormshards','-','-','-','Rock','Physical'),('Splishy Splash','90','100','15','Water','Special'),('Spore','-','100','15','Grass','Status'),('Spotlight','-','-','15','Normal','Status'),('Stealth Rock','-','-','20','Rock','Status'),('Steam Eruption','110','95','5','Water','Special'),('Steamroller','65','100','20','Bug','Physical'),('Steel Wing','70','90','25','Steel','Physical'),('Sticky Web','-','-','20','Bug','Status'),('Stockpile','-','-','20','Normal','Status'),('Stoked Sparksurfer','175','-','-','Electric','Special'),('Stomp','65','100','20','Normal','Physical'),('Stomping Tantrum','75','100','10','Ground','Physical'),('Stone Edge','100','80','5','Rock','Physical'),('Stored Power','20','100','10','Psychic','Special'),('Storm Throw','60','100','10','Fighting','Physical'),('Strength','80','100','15','Normal','Physical'),('Strength Sap','-','100','10','Grass','Status'),('String Shot','-','95','40','Bug','Status'),('Struggle','50','-','-','Normal','Physical'),('Struggle Bug','50','100','20','Bug','Special'),('Stun Spore','-','75','30','Grass','Status'),('Submission','80','80','20','Fighting','Physical'),('Substitute','-','-','10','Normal','Status'),('Subzero Slammer','-','-','-','Ice','Unknown'),('Sucker Punch','80','100','5','Dark','Physical'),('Sunny Day','-','-','5','Fire','Status'),('Sunsteel Strike','100','100','5','Steel','Physical'),('Super Fang','-','90','10','Normal','Physical'),('Superpower','120','100','5','Fighting','Physical'),('Supersonic','-','55','20','Normal','Status'),('Supersonic Skystrike','-','-','-','Flying','Unknown'),('Surf','90','100','15','Water','Special'),('Swagger','-','90','15','Normal','Status'),('Swallow','-','-','10','Normal','Status'),('Sweet Kiss','-','75','10','Fairy','Status'),('Sweet Scent','-','100','20','Normal','Status'),('Swift','60','-','20','Normal','Special'),('Switcheroo','-','100','10','Dark','Status'),('Swords Dance','-','-','20','Normal','Status'),('Synchronoise','120','100','10','Psychic','Special'),('Synthesis','-','-','5','Grass','Status'),('Tackle','50','100','35','Normal','Physical'),('Tail Glow','-','-','20','Bug','Status'),('Tail Slap','25','85','10','Normal','Physical'),('Tail Whip','-','100','30','Normal','Status'),('Tailwind','-','-','15','Flying','Status'),('Take Down','90','85','20','Normal','Physical'),('Taunt','-','100','20','Dark','Status'),('Tearful Look','-','-','20','Normal','Status'),('Techno Blast','120','100','5','Normal','Special'),('Tectonic Rage','-','-','-','Ground','Unknown'),('Teeter Dance','-','100','20','Normal','Status'),('Telekinesis','-','-','15','Psychic','Status'),('Teleport','-','-','20','Psychic','Status'),('Thief','60','100','25','Dark','Physical'),('Thousand Arrows','90','100','10','Ground','Physical'),('Thousand Waves','90','100','10','Ground','Physical'),('Thrash','120','100','10','Normal','Physical'),('Throat Chop','80','100','15','Dark','Physical'),('Thunder','110','70','10','Electric','Special'),('Thunder Fang','65','95','15','Electric','Physical'),('Thunder Punch','75','100','15','Electric','Physical'),('Thunder Shock','40','100','30','Electric','Special'),('Thunder Wave','-','100','20','Electric','Status'),('Thunderbolt','90','100','15','Electric','Special'),('Tickle','-','100','20','Normal','Status'),('Topsy-Turvy','-','-','20','Dark','Status'),('Torment','-','100','15','Dark','Status'),('Toxic','-','90','10','Poison','Status'),('Toxic Spikes','-','-','20','Poison','Status'),('Toxic Thread','-','100','20','Poison','Status'),('Transform','-','-','10','Normal','Status'),('Tri Attack','80','100','10','Normal','Special'),('Trick','-','100','10','Psychic','Status'),('Trick Room','-','-','5','Psychic','Status'),('Trick-or-Treat','-','100','2-','Ghost','Status'),('Triple Kick','10','90','10','Fighting','Physical'),('Trop Kick','70','100','15','Grass','Physical'),('Trump Card','-','-','5','Normal','Special'),('Twineedle','25','100','20','Bug','Physical'),('Twinkle Tackle','-','-','-','Fairy','Unknown'),('Twister','40','100','20','Dragon','Special'),('U-Turn','70','100','20','Bug','Physical'),('Uproar','90','100','10','Normal','Special'),('V-Create','180','95','5','Fire','Physical'),('Vacuum Wave','40','100','30','Fighting','Special'),('Veevee Volley','-','-','20','Normal','Physical'),('Venom Drench','-','100','20','Poison','Status'),('Venoshock','65','100','10','Poison','Special'),('Vice Grip','55','100','30','Normal','Physical'),('Vine Whip','45','100','25','Grass','Physical'),('Vital Throw','70','-','10','Fighting','Physical'),('Volt Switch','70','100','20','Electric','Special'),('Volt Tackle','120','100','15','Electric','Physical'),('Wake-Up Slap','70','100','10','Fighting','Physical'),('Water Gun','40','100','25','Water','Special'),('Water Pledge','80','100','10','Water','Special'),('Water Pulse','60','100','20','Water','Special'),('Water Shuriken','15','100','20','Water','Physical'),('Water Sport','-','-','15','Water','Status'),('Water Spout','150','100','5','Water','Special'),('Waterfall','80','100','15','Water','Physical'),('Weather Ball','50','100','10','Normal','Special'),('Whirlpool','35','85','15','Water','Special'),('Whirlwind','-','-','20','Normal','Status'),('Wide Guard','-','-','10','Rock','Status'),('Wild Charge','90','100','15','Electric','Physical'),('Will-O-Wisp','-','85','15','Fire','Status'),('Wing Attack','60','100','35','Flying','Physical'),('Wish','-','-','10','Normal','Status'),('Withdraw','-','-','40','Water','Status'),('Wonder Room','-','-','10','Psychic','Status'),('Wood Hammer','120','100','15','Grass','Physical'),('Work Up','-','-','30','Normal','Status'),('Worry Seed','-','100','10','Grass','Status'),('Wrap','15','90','20','Normal','Physical'),('Wring Out','-','100','5','Normal','Special'),('X-Scissor','80','100','15','Bug','Physical'),('Yawn','-','-','10','Normal','Status'),('Zap Cannon','120','50','5','Electric','Special'),('Zen Headbutt','80','90','15','Psychic','Physical'),('Zing Zap','80','100','10','Electric','Physical'),('Zippy Zap','50','100','15','Electric','Physical');
/*!40000 ALTER TABLE `moves` ENABLE KEYS */;
UNLOCK TABLES;

--
-- Table structure for table `pokedex_entries`
--

DROP TABLE IF EXISTS `pokedex_entries`;
/*!40101 SET @saved_cs_client     = @@character_set_client */;
/*!40101 SET character_set_client = utf8 */;
CREATE TABLE `pokedex_entries` (
  `pokemon_number` varchar(5) DEFAULT NULL,
  `pokemon_description` varchar(500) DEFAULT NULL
) ENGINE=InnoDB DEFAULT CHARSET=utf8mb4;
/*!40101 SET character_set_client = @saved_cs_client */;

--
-- Dumping data for table `pokedex_entries`
--

LOCK TABLES `pokedex_entries` WRITE;
/*!40000 ALTER TABLE `pokedex_entries` DISABLE KEYS */;
INSERT INTO `pokedex_entries` VALUES ('#001','Bulbasaur can be seen napping in bright sunlight. There is a seed on its back. By soaking up the sun\'s rays, the seed grows progressively larger.'),('#002','There is a plant bulb on its back. When it absorbs nutrients, the bulb is said to blossom into a large flower.'),('#003','A bewitching aroma wafts from its flower. The fragrance becalms those engaged in battle.'),('#004','From the time it is born, a flame burns at the tip of its tail. Its life would end if the flame were to go out.'),('#005','It lashes about with its tail to knock down its foe. It then tears up the fallen opponent with sharp claws.'),('#006','It spits fire that is hot enough to melt boulders. It may cause forest fires by blowing flames.'),('#007','when it retracts its long neck into its shell, it squirts out water with vigorous force.'),('#008','Often hides in water to stalk unwary prey. For swimming fast, it moves its ears to maintain balance.'),('#009','The pressurized water jets on this brutal Pokemon\'s shell are used for high-speed tackles.'),('#010','Perhaps because it would like to grow up quickly, it has a voracious appetite, eating a hundred leaves a day.'),('#011','A steel-hard shell protects its tender body. It quietly endures hardships while awaiting evolution.'),('#012','Its wings are covered in toxic scales. If it finds bird Pokemon going after Caterpie, Butterfree sprinkles its scales on them to drive them off.'),('#013','Often found in forests and grasslands. It has a sharp, toxic barb of around two inches on top of its head.'),('#014','While awaiting evolution, it hides from predators under leaves and in nooks of branches.'),('#015','May appear in a swarm. Flies at violent speeds, all the while stabbing with the toxic stinger on its rear.'),('#016','Does not like to fight. It hides in tall grass and so on, foraging for food such as small bugs.'),('#017','The claws on its feet are well developed. It can carry prey such as Exeggcute to its nest over 60 miles away.'),('#018','It spreads its gorgeous wings widely to intimidate enemies. It races through the skies at Mach-2 speed.'),('#019','Its fangs are long and very sharp. They grow continuously, so it gnaws on hard things to whittle them down.'),('#020','Its rear feet have three toes each. They are webbed, enabling it to swim across rivers.'),('#021','Its reckless nature leads it to stand up to other (even large) Pokemon if it has to protect its territory.'),('#022','Carrying food through Fearow\'s territory is dangerous. It will snatch the food away from you in a flash!'),('#023','By dislocating its jaw, it can swallow prey larger than itself. After a meal, it curls up and rests.'),('#024','The latest research has determined that there are over 20 possible arrangements of the patterns on its stomach.'),('#025','Its nature is to store up electricity. Forests where nests of Pikachu live are dangerous, since the trees are so often struck by lightning.'),('#026','Its long tail serves as a ground to protect itself from its own high-voltage power.'),('#027','It lives in areas of limited rainfall. When danger approaches, it curls up into a ball to protect its soft stomach.'),('#028','Its claws and horns often break off. The broken claws and horns can be used to craft plows for tilling farm fields.'),('#029','Though small, it must be treated with caution because of its powerfully toxic barbs. The female has smaller horns.'),('#030','The female has a gentle temperament. It emits ultrasonic cries that have the power to befuddle foes.'),('#031','The body is covered by stiff, needle-like scales. If it becomes excited, the needles bristle outwards.'),('#032','Its large ears are flapped like wings when it is listening for distant sounds. It extends toxic barbs when angered.'),('#033','It is easily angered. By swinging its well-developed horn wildly, it can even punch through diamond.'),('#034','It is recognized by its rock-hard hide and its extended horn. Be careful with the horn as it contains venom.'),('#035','They\'re popular, but they\'re rare. Trainers who show them off recklessly may be targeted by thieves.'),('#036','A Clefable uses its wings to skip lightly as if it were flying. Its bouncy step lets it even walk on water. On quiet, moonlit nights, it strolls on lakes.'),('#037','While young, it has six gorgeous tails. When it grows, several new tails are sprouted.'),('#038','Very smart and very vengeful. Grabbing one of its many tails could result in a 1,000-year curse.'),('#039','It captivates foes with its huge, round eyes, then lulls them to sleep by singing a soothing melody.'),('#040','Its fur is extremely fine, and supple. The exquisitely pleasant fur conveys an image of luxury.'),('#041','It has no eyeballs, so it can\'t see. It checks its surroundings via the ultrasonic waves it emits from its mouth.'),('#042','Once it bites, it will not stop draining energy from the victim even if it gets too heavy to fly.'),('#043','During the day, it keeps its face buried in the ground. At night, it wanders around sowing its seeds.'),('#044','Its pistils exude an incredibly foul odor. The horrid stench can cause fainting at a distance of 1.25 miles.'),('#045','Its petals are the largest in the world. It fiendishly scatters allergy-causing pollen from its petals.'),('#046','Growing out of the bug\'s back are mushrooms called tochukaso. The mushrooms grow with the bug host.'),('#047','A host-parasite pair in which the parasite mushroom has taken over the host bug. Prefers damp places.'),('#048','Its eyes act as radar, enabling it to be active in darkness. The eyes can also shoot powerful beams.'),('#049','The wings are covered with dustlike scales. Every time it flaps its wings, it looses highly toxic dust.'),('#050','It burrows through the ground at a shallow depth. It leaves raised earth in its wake, making it easy to spot.'),('#051','In battle, it digs through the ground and strikes the unsuspecting foe from an unexpected direction.'),('#052','All it does is sleep during daytime. At night, it patrols its territory with its eyes aglow.'),('#053','Has a vicious temperament. Beware if it raises its tail straight up. It is a signal that it is about to pounce and bite.'),('#054','It is constantly wracked by a headache. When the headache turns intense, it begins using mysterious powers.'),('#055','The forelegs are webbed, helping to make it an adept swimmer. It can be seen swimming elegantly in lakes, etc.'),('#056','Light and agile on its feet, and ferocious in temperament. When angered, it flies into an uncontrollable frenzy.'),('#057','It is always outrageously furious. If it gives chase, it will tenaciously track the target no matter how far.'),('#058','Very friendly and faithful to people. It will try to repel enemies by barking and biting.'),('#059','A Pokemon that has long been admired for its beauty. It runs agilely as if on wings.'),('#060','Its slick black skin is thin and damp. A part of its internal organs can be seen through the skin as a spiral pattern.'),('#061','Its two legs are well developed. Even though it can live on the ground, it prefers living in water.'),('#062','An adept swimmer, it knows the front crawl, butterfly, and more. It is faster than the best human swimmers.'),('#063','It sleeps for 18 hours a day. It uses a variety of extrasensory powers even while asleep.'),('#064','It emits special alpha waves from its body that induce headaches just by being close.'),('#065','It does not like physical attacks very much. Instead, it freely uses extrasensory powers to defeat foes.'),('#066','Its whole body is composed of muscles. Even though it\'s the size of a human child, it can hurl 100 grown-ups.'),('#067','Its formidable body never gets tired. It helps people by doing work such as the moving of heavy goods.'),('#068','Its four ruggedly developed arms can launch a flurry of 1,000 punches in just two seconds.'),('#069','Its bud looks like a human face. Because of the bud, it is rumored to be a type of legendary mandrake plant.'),('#070','The leafy parts act as cutters for slashing foes. It spits a fluid that dissolves everything.'),('#071','Lures prey into its mouth with a honeylike aroma. The helpless prey is melted with a dissolving fluid.'),('#072','Its eyes are as transparent as crystals. From them, it shoots mysterious beams of light.'),('#073','It has 80 tentacles that move about freely. They can sting, causing poisoning and sharp, stabbing pain.'),('#074','Found in fields and mountains. Mistaking them for boulders, people often step or trip on them.'),('#075','Be careful when hiking on mountain trails. Graveler ma come rolling down the path without slowing.'),('#076','It is enclosed in a hard shell that is as rugged as slabs of rock. It sheds skin once a year to grow larger.'),('#077','Its hooves are ten times harder than diamond. It can trample anything completely flat in little time.'),('#078','Very competitive, this Pokemon will chase anything that moves fast in the hopes of racing it.'),('#079','It is always vacantly lost in thought, but no one knows what it is thinking about. It is good at fishing with its tail.'),('#080','When a Slowpoke went hunting in the sea, its tail was bitten by a Shellder. That made it evolve into Slowbro.'),('#081','The units at its sides generate electromagnetic waves that keep it airborne. It feeds on electricity.'),('#082','A linked cluster formed of several Magnemite. It discharges powerful magnetic waves at high voltage.'),('#083','It always walks about with a plant stalk clamped in its beak. The stalk is used for building its nest.'),('#084','A bird that makes up for its poor flying with its fast foot speed. Leaves giant footprints.'),('#085','An odd species that is rarely found. The three heads respectively represent joy, sadness, and anger.'),('#086','The protruding horn on its head is very hard. It is used for bashing through thick icebergs.'),('#087','Its body is covered with a pure white fur. The colder the weather, the ore active it becomes.'),('#088','Appears in filthy areas. It thrives by sucking up polluted sludge that is pumped out of factories.'),('#089','It is usually undetectable because it blends in with the ground. Touching it can cause terrible poisoning.'),('#090','It is encased in a shell that is harder than diamond. Inside, however, it is surprisingly tender.'),('#091','Its shell is extremely hard. It cannot be shattered, even with a bomb. The shell opens only when it is attacking.'),('#092','Almost invisible, this gaseous Pokemon cloaks the target and puts it to sleep without notice.'),('#093','If you get the feeling of being watched in the darkness when nobody is around, Haunter is there.'),('#094','On the night of a full moon, if shadows move on their own and laugh, it must be Gengar\'s doing.'),('#095','As it grows, the stone portions of its body harden to become similar to black-colored diamonds.'),('#096','Puts enemies to sleep, then eats their dreams. Occasionally gets sick from eating only bad dreams.'),('#097','The arcing movement and glitter of the pendulum in a Hypno\'s hand lull the foe into deep hypnosis. While searching for prey, it polishes the pendulum.'),('#098','It can be found near the sea. The large pincers grow back if they are torn out of their sockets.'),('#099','Its large and hard pincer has 10,000-horsepower strength. However, being so big, it is unwieldy to move.'),('#100','A life-form whose identity is unknown. It is said to Screech or suddenly Selfdestruct.'),('#101','It explodes in response to even minor stimuli. It is feared, with the nickname of \"The Bomb Ball\".'),('#102','It is often mistaken for eggs. When disturbed, they quickly gather and attack in swarms.'),('#103','It is said that on rare occasions, one of its heads will drop off and continue on as Exeggcute.'),('#104','It wears the skull of its dead mother on its head. When it becomes lonesome, it is said to cry loudly.'),('#105','It is small and originally very weak. Its temperament turned ferocious when it began using bones.'),('#106','The legs freely contract and stretch. The stretchy legs allow it to hit a distant foe with a rising kick.'),('#107','While apparently doing nothing, it fires punches in lightning-fast volleys that are impossible to see.'),('#108','Its tongue is twice the length of its body. It can be moved like an arm for grabbing food and attacking.'),('#109','Its thin, balloon-like body is inflated by horribly toxic gases. It reeks when it is nearby.'),('#110','It grows by feeding on gases released by garbage. Though very rare, triplets have been found.'),('#111','Strong, but not too bright, this Pokemon can shatter even a skyscraper with its charging Tackles.'),('#112','It begins walking on its hind legs after evolution. It can punch holes through boulders with its horn.'),('#113','It lays several eggs a day. The eggs are apparently rich in nutrients and extremely delicious.'),('#114','Blue plant vines cloak the Pokemon\'s identity in a tangled mass. It entangles anything that gets close.'),('#115','It raises its offspring in its belly pouch. It lets the baby out to play only when it feels safe.'),('#116','It maintains balance using its tail, which is wound up like a coil. It may spray ink from its mouth.'),('#117','Its body bristles with sharp spikes. Carelessly trying to touch it could cause fainting from the spikes.'),('#118','Its dorsal and pectoral fins are strongly developed like muscles. It can swim at a speed of five knots.'),('#119','The horn on its head is sharp like a drill. It bores a hole in a boulder to make its nest.'),('#120','It appears in large numbers by seashores. At night, its central core flashes with a red light.'),('#121','Its central core glows with the seven colors of the rainbow. Some people value the core as a gem.'),('#122','It is adept at conning people. It is said to be able to create walls out of thin air by miming.'),('#123','It tears and shreds prey with its wickedly sharp scythes. It very rarely spreads its wings to fly.'),('#124','It speaks using a language that sounds human. Research is under way to determine what is being said.'),('#125','It loves to feed on strong electricity. It occasionally appears around large power plants and so on.'),('#126','Its body always burns with an orange glow that enables it to hide perfectly amidst flames.'),('#127','Its two long pincer horns are powerful. Once they grip an enemy, they won\'t release until the foe is torn.'),('#128','When it is about to Tackle, it whips its body repeatedly with its three long tails.'),('#129','It is virtually worthless in terms of both power and speed. It is the most weak and pathetic Pokemon in the world.'),('#130','Rarely seen in the wild. Huge and vicious, it is capable of destroying entire cities in a rage.'),('#131','Its high intelligence enables it to understand human speech. It likes to ferry people on its back.'),('#132','It can freely recombine its own cellular structure to transform into other life-forms.'),('#133','An extremely rare Pokemon that may evolve in a number of different ways depending on stimuli.'),('#134','Its body\'s cellular structure is similar to the molecular composition of water. It can melt invisibly in water.'),('#135','If it is angered or startled, the fur all over its body bristles like sharp needles that pierce foes.'),('#136','It has a flame bag inside its body. After inhaling deeply, it blowes out flames of nearly 3,100 degrees Fahrenheit.'),('#137','Using the most advanced technologies, scientists finally succeeded in making the first artificial Pokemon.'),('#138','A prehistoric Pokemon that lived in the primordial sea, it swims by twisting its 10 tentacles about.'),('#139','Its tentacles are highly developed as if they are hands and feet. As soon as it ensnares prey, it bites.'),('#140','This Pokemon was regenerated from the fossil of an ancient creature. It protects itself with a hard shell.'),('#141','It swims freely through water. It catches prey with its scythe-like arms and drains the victim\'s fluids.'),('#142','It was regenerated from a dinosaur\'s genetic matter that was found in amber. It flies with high-pitched cries.'),('#143','Very lazy. Just eats and sleeps. As its rotund bulk builds, it becomes steadily more slothful.'),('#144','A legendary bird Pokemon that is said to appear to doomed people who are lost in icy mountains.'),('#145','A legendary bird Pokemon that is said to appear from clouds while dropping enormous lightning bolts.'),('#146','It is said to be the legendary bird Pokemon of fire. Every flap of its wings creates a dazzling flare of flames.'),('#147','Long considered a mythical Pokemon until recently, when a small colony was found living underwater.'),('#148','It is said to live in seas and lakes. Even though it has no wings, it has been seen flying occasionally.'),('#149','It can fly in spite of its big and bulky physique. It circles the globe in just 16 hours.'),('#150','A Pokemon whose genetic code was repeatedly recombined for research. It turned vicious as a result.'),('#151','So rare that it is still said to be a mirage by many experts. Only a few people have seen it worldwide.');
/*!40000 ALTER TABLE `pokedex_entries` ENABLE KEYS */;
UNLOCK TABLES;

--
-- Table structure for table `pokemon`
--

DROP TABLE IF EXISTS `pokemon`;
/*!40101 SET @saved_cs_client     = @@character_set_client */;
/*!40101 SET character_set_client = utf8 */;
CREATE TABLE `pokemon` (
  `pokemon_number` varchar(5) NOT NULL,
  `pokemon_name` varchar(20) DEFAULT NULL,
  `pokemon_primary_type` varchar(20) DEFAULT NULL,
  `pokemon_secondary_type` varchar(20) DEFAULT NULL,
  `pokemon_generation` varchar(2) DEFAULT NULL,
  `pokemon_is_legendary` tinyint(1) DEFAULT NULL,
  `pokemon_species` varchar(20) DEFAULT NULL,
  `pokemon_height` varchar(10) DEFAULT NULL,
  `pokemon_weight` varchar(10) DEFAULT NULL,
  PRIMARY KEY (`pokemon_number`)
) ENGINE=InnoDB DEFAULT CHARSET=utf8mb4;
/*!40101 SET character_set_client = @saved_cs_client */;

--
-- Dumping data for table `pokemon`
--

LOCK TABLES `pokemon` WRITE;
/*!40000 ALTER TABLE `pokemon` DISABLE KEYS */;
INSERT INTO `pokemon` VALUES ('#001','Bulbasaur','Grass','Poison','1',0,'Seed Pokemon','0.71m','6.9kg'),('#002','Ivysaur','Grass','Poison','1',0,'Seed Pokemon','0.99m','13.0kg'),('#003','Venusaur','Grass','Poison','1',0,'Seed Pokemon','2.01m','100.0kg'),('#004','Charmander','Fire','-','1',0,'Lizard Pokemon','0.61m','8,5kg'),('#005','Charmeleon','Fire','-','1',0,'Flame Pokemon','1.09m','19.0kg'),('#006','Charizard','Fire','Flying','1',0,'Flame Pokemon','1.70m','90.5kg'),('#007','Squirtle','Water','-','1',0,'Tiny Turtle Pokemon','0.51m','9.0kg'),('#008','Wartortle','Water','-','1',0,'Turtle Pokemon','0.99m','22.5kg'),('#009','Blastoise','Water','-','1',0,'Shellfish Pokemon','1.60m','85.5kg'),('#010','Caterpie','Bug','-','1',0,'Worm Pokemon','0.30m','2.9kg'),('#011','Metapod','Bug','-','1',0,'Cocoon Pokemon','0.71m','9.9kg'),('#012','Butterfree','Bug','Flying','1',0,'Butterfly Pokemon','1.09m','32.0kg'),('#013','Weedle','Bug','Poison','1',0,'Hairy Bug Pokemon','0.30m','3.2kg'),('#014','Kakuna','Bug','Poison','1',0,'Cocoon Pokemon','0.61m','10,0kg'),('#015','Beedrill','Bug','Poison','1',0,'Poison Bee Pokemon','0.99m','29.5kg'),('#016','Pidgey','Normal','Flying','1',0,'Tiny Bird Pokemon','0.30m','1.8kg'),('#017','Pidgeotto','Normal','Flying','1',0,'Bird Pokemon','1.09m','30.0kg'),('#018','Pidgeot','Normal','Flying','1',0,'Bird Pokemon','1.50m','39.5kg'),('#019','Rattata','Normal','-','1',0,'Mouse Pokemon','0.30m','3.5kg'),('#020','Raticate','Normal','-','1',0,'Mouse Pokemon','0.71m','18.5kg'),('#021','Spearow','Normal','Flying','1',0,'Tiny Bird Pokemon','0.30m','2.0kg'),('#022','Fearow','Normal','Flying','1',0,'Beak Pokemon','1.19m','38.0kg'),('#023','Ekans','Poison','-','1',0,'Snake Pokemon','2.01m','6.9kg'),('#024','Arbok','Poison','-','1',0,'Cobra Pokemon','3.51m','65.0kg'),('#025','Pikachu','Electric','-','1',0,'Mouse Pokemon','0.41m','6.0kg'),('#026','Raichu','Electric','-','1',0,'Mouse Pokemon','0.79m','30.0kg'),('#027','Sandshrew','Ground','-','1',0,'Mouse Pokemon','0.61m','12.0kg'),('#028','Sandslash','Ground','-','1',0,'Mouse Pokemon','0.99m','29.5kg'),('#029','Nidoran','Poison','-','1',0,'Poison Pin Pokemon','0.41m','7.0kg'),('#030','Nidorina','Poison','-','1',0,'Poison Pin Pokemon','0.79m','20.0kg'),('#031','Nidoqueen','Poison','Ground','1',0,'Drill Pokemon','1.30m','60.0kg'),('#032','Nidoran','Poison','-','1',0,'Poison Pin Pokemon','0.51m','9.0kg'),('#033','Nidorino','Poison','-','1',0,'Poison Pin Pokemon','0.89m','19.5kg'),('#034','Nidoking','Poison','Ground','1',0,'Drill Pokemon','1.40m','62.0kg'),('#035','Clefairy','Fairy','-','1',0,'Fairy Pokemon','0.61m','7.5kg'),('#036','Clefable','Fairy','-','1',0,'Fairy Pokemon','1.30m','40.0kg'),('#037','Vulpix','Fire','-','1',0,'Fox Pokemon','0.61m','9.9kg'),('#038','Ninetales','Fire','-','1',0,'Fox Pokemon','1.09m','19.9kg'),('#039','Jigglypuff','Normal','Fairy','1',0,'Balloon Pokemon','0.51m','5.5kg'),('#040','Wigglytuff','Normal','Fairy','1',0,'Balloon Pokemon','0.99m','12.0kg'),('#041','Zubat','Poison','Flying','1',0,'Bat Pokemon','0.79m','7.5kg'),('#042','Golbat','Poison','Flying','1',0,'Bat Pokemon','1.60m','55.0kg'),('#043','Oddish','Grass','Poison','1',0,'Weed Pokemon','0.51m','5.4kg'),('#044','Gloom','Grass','Poison','1',0,'Weed Pokemon','0.79m','8.6kg'),('#045','Vileplume','Grass','Poison','1',0,'Flower Pokemon','1.19m','18.6kg'),('#046','Paras','Bug','Grass','1',0,'Mushroom Pokemon','0.30m','5.4kg'),('#047','Parasect','Bug','Grass','1',0,'Mushroom Pokemon','0.99m','29.5kg'),('#048','Venonat','Bug','Poison','1',0,'Insect Pokemon','0.99m','30.0kg'),('#049','Venomoth','Bug','Poison','1',0,'Poison Moth Pokemon','1.50m','12.5kg'),('#050','Diglett','Ground','-','1',0,'Mole Pokemon','0.20m','0.8kg'),('#051','Dugtrio','Ground','-','1',0,'Mole Pokemon','0.71m','33.3kg'),('#052','Meowth','Normal','-','1',0,'Scratch Cat Pokemon','0.41m','4.2kg'),('#053','Persian','Normal','-','1',0,'Classy Cat Pokemon','0.99m','32.0kg'),('#054','Psyduck','Water','-','1',0,'Duck Pokemon','0.79m','19.6kg'),('#055','Golduck','Water','-','1',0,'Duck Pokemon','1.70m','76.6kg'),('#056','Mankey','Fighting','-','1',0,'Pig Monkey Pokemon','0.51m','28.0kg'),('#057','Primeape','Fighting','-','1',0,'Pig Monkey Pokemon','0.99m','32.0kg'),('#058','Growlithe','Fire','-','1',0,'Puppy Pokemon','0.71m','19.0kg'),('#059','Arcanine','Fire','-','1',0,'Legendary Pokemon','1.91m','155.0kg'),('#060','Poliwag','Water','-','1',0,'Tadpole Pokemon','0.61m','12.4kg'),('#061','Poliwhirl','Water','-','1',0,'Tadpole Pokemon','0.99m','20.0kg'),('#062','Poliwrath','Water','Fighting','1',0,'Tadpole Pokemon','1.30m','54.0kg'),('#063','Abra','Psychic','-','1',0,'Psi Pokemon','0.89m','19.5kg'),('#064','Kadabra','Psychic','-','1',0,'Psi Pokemon','1.30m','56.5kg'),('#065','Alakazam','Psychic','-','1',0,'Psi Pokemon','1.50m','48.0kg'),('#066','Machop','Fighting','-','1',0,'Superpower Pokemon','0.79m','19.5kg'),('#067','Machoke','Fighting','-','1',0,'Superpower Pokemon','1.50m','70.5kg'),('#068','Machamp','Fighting','-','1',0,'Superpower Pokemon','1.60m','130.0kg'),('#069','Bellsprout','Grass','Poison','1',0,'Flower Pokemon','0.71m','4.0kg'),('#070','Weepinbell','Grass','Poison','1',0,'Flycatcher Pokemon','0.99m','6.4kg'),('#071','Victreebel','Grass','Poison','1',0,'Flycatcher Pokemon','1.70m','15.5kg'),('#072','Tentacool','Water','Poison','1',0,'Jellyfish Pokemon','0.89m','45.5kg'),('#073','Tentacruel','Water','Poison','1',0,'Jellyfish Pokemon','1.60m','55.0kg'),('#074','Geodude','Rock','Ground','1',0,'Rock Pokemon','0.41m','20.0kg'),('#075','Graveler','Rock','Ground','1',0,'Rock Pokemon','0.99m','105.0kg'),('#076','Golem','Rock','Ground','1',0,'Megaton Pokemon','1.40m','300.0kg'),('#077','Ponyta','Fire','-','1',0,'Fire Horse Pokemon','0.99m','30.0kg'),('#078','Rapidash','Fire','-','1',0,'Fire Horse Pokemon','1.70m','95.0kg'),('#079','Slowpoke','Water','Psychic','1',0,'Dopey Pokemon','1.19m','36.0kg'),('#080','Slowbro','Water','Psychic','1',0,'Hermit Crab Pokemon','1.60m','78.5kg'),('#081','Magnemite','Electric','Steel','1',0,'Magnet Pokemon','0.30m','6.0kg'),('#082','Magneton','Electric','Steel','1',0,'Magnet Pokemon','0.99m','60.0kg'),('#083','Farfetch\'d','Normal','Flying','1',0,'Wild Duck Pokemon','0.79m','15.0kg'),('#084','Doduo','Normal','Flying','1',0,'Twin Bird Pokemon','1.40m','39.2kg'),('#085','Dodrio','Normal','Flying','1',0,'Triple Bird Pokemon','1.80m','85.2kg'),('#086','Seel','Water','-','1',0,'Sea Lion Pokemon','1.09m','90.0kg'),('#087','Dewgong','Water','Ice','1',0,'Sea Lion Pokemon','1.70m','120.0kg'),('#088','Grimer','Poison','-','1',0,'Sludge Pokemon','0.89m','30.0kg'),('#089','Muk','Poison','-','1',0,'Sludge Pokemon','1.19m','30.0kg'),('#090','Shellder','Water','-','1',0,'Bivalve Pokemon','0.30m','4.0kg'),('#091','Cloyster','Water','Ice','1',0,'Bivalve Pokemon','1.50m','132.5kg'),('#092','Gastly','Ghost','Poison','1',0,'Gas Pokemon','1.30m','0.1kg'),('#093','Haunter','Ghost','Poison','1',0,'Gas Pokemon','1.60m','0.1kg'),('#094','Gengar','Ghost','Poison','1',0,'Shadow Pokemon','1.50m','40.5kg'),('#095','Onix','Rock','Ground','1',0,'Rock Snake Pokemon','8.79m','210.0kg'),('#096','Drowzee','Psychic','-','1',0,'Hypnosis Pokemon','0.99m','32.4kg'),('#097','Hypno','Psychic','-','1',0,'Hypnosis Pokemon','1.60m','75.6kg'),('#098','Krabby','Water','-','1',0,'River Crab Pokemon','0.41m','6.5kg'),('#099','Kingler','Water','-','1',0,'Pincer Pokemon','1.30m','60.0kg'),('#100','Voltorb','Electric','-','1',0,'Ball Pokemon','0.51m','10.4kg'),('#101','Electrode','Electric','-','1',0,'Ball Pokemon','1.19m','66.6kg'),('#102','Exeggcute','Grass','Psychic','1',0,'Egg Pokemon','0.41m','2.5kg'),('#103','Exeggutor','Grass','Psychic','1',0,'Coconut Pokemon','2.01m','120.0kg'),('#104','Cubone','Ground','-','1',0,'Lonely Pokemon','0.41m','6.5kg'),('#105','Marowak','Ground','-','1',0,'Bone Keeper Pokemon','0.99m','45.0kg'),('#106','Hitmonlee','Fighting','-','1',0,'Kicking Pokemon','1.50m','49.8kg'),('#107','Hitmonchan','Fighting','-','1',0,'Punching Pokemon','1.40m','50.2kg'),('#108','Lickitung','Normal','-','1',0,'Licking Pokemon','1.19m','65.5kg'),('#109','Koffing','Poison','-','1',0,'Poison Gas Pokemon','0.61m','1.0kg'),('#110','Weezing','Poison','-','1',0,'Poison Gas Pokemon','1.19m','9.5kg'),('#111','Rhyhorn','Ground','Rock','1',0,'Spikes Pokemon','0.99m','115.0kg'),('#112','Rhydon','Ground','Rock','1',0,'Drill Pokemon','1.91m','120.0kg'),('#113','Chansey','Normal','-','1',0,'Egg Pokemon','1.09m','34.6kg'),('#114','Tangela','Grass','-','1',0,'Vine Pokemon','0.99m','35.0kg'),('#115','Kangaskhan','Normal','-','1',0,'Parent Pokemon','2.21m','80.0kg'),('#116','Horsea','Water','-','1',0,'Dragon Pokemon','0.41m','8.0kg'),('#117','Seadra','Water','-','1',0,'Dragon Pokemon','1.19m','25.0kg'),('#118','Goldeen','Water','-','1',0,'Goldfish Pokemon','0.61m','15.0kg'),('#119','Seaking','Water','-','1',0,'Goldfish Pokemon','1.30m','39.0kg'),('#120','Staryu','Water','-','1',0,'Star Shape Pokemon','0.79m','34.5kg'),('#121','Starmie','Water','Psychic','1',0,'Mysterious Pokemon','1.09m','80.0kg'),('#122','Mr. Mime','Psychic','Fairy','1',0,'Barrier Pokemon','1.30m','54.5kg'),('#123','Scyther','Bug','Flying','1',0,'Mantis Pokemon','1.50m','56.0kg'),('#124','Jynx','Ice','Psychic','1',0,'Human Shape Pokemon','1.40m','40.6kg'),('#125','Electabuzz','Electric','-','1',0,'Electric Pokemon','1.09m','30.0kg'),('#126','Magmar','Fire','-','1',0,'Spitfire Pokemon','1.30m','44.5kg'),('#127','Pinsir','Bug','-','1',0,'Stag Beetle Pokemon','1.50m','55.0kg'),('#128','Tauros','Normal','-','1',0,'Wild Bull Pokemon','1.40m','88.4kg'),('#129','Magikarp','Water','-','1',0,'Fish Pokemon','0.89m','10.0kg'),('#130','Gyarados','Water','Flying','1',0,'Atrocious Pokemon','6.50m','235.0kg'),('#131','Lapras','Water','Ice','1',0,'Transport Pokemon','2.49m','220.0kg'),('#132','Ditto','Normal','-','1',0,'Transform Pokemon','0.30m','4.0kg'),('#133','Eevee','Normal','-','1',0,'Evolution Pokemon','0.30m','6.5kg'),('#134','Vaporeon','Water','-','1',0,'Bubble Jet Pokemon','0.99m','29.0kg'),('#135','Jolteon','Electric','-','1',0,'Lightning Pokemon','0.79m','24.5kg'),('#136','Flareon','Fire','-','1',0,'Flame Pokemon','0.89m','25.0kg'),('#137','Porygon','Normal','-','1',0,'Virtual Pokemon','0.79m','36.5kg'),('#138','Omanyte','Rock','Water','1',0,'Spiral Pokemon','0.41m','7.5kg'),('#139','Omastar','Rock','Water','1',0,'Spiral Pokemon','0.99m','35.0kg'),('#140','Kabuto','Rock','Water','1',0,'Shellfish Pokemon','0.51','11.5kg'),('#141','Kabutops','Rock','Water','1',0,'Shellfish Pokemon','1.30m','40.5kg'),('#142','Aerodactyl','Rock','Flying','1',0,'Fossil Pokemon','1.80m','59.0kg'),('#143','Snorlax','Normal','-','1',0,'Sleeping Pokemon','2.11m','460.0kg'),('#144','Articuno','Ice','Flying','1',1,'Freeze Pokemon','1.70m','55.4kg'),('#145','Zapdos','Electric','Flying','1',1,'Electric Pokemon','1.60m','52.6kg'),('#146','Moltres','Fire','Flying','1',1,'Flame Pokemon','2.01m','60.0kg'),('#147','Dratini','Dragon','-','1',0,'Dragon Pokemon','1.80m','3.3kg'),('#148','Dragonair','Dragon','-','1',0,'Dragon Pokemon','3.99m','16.5kg'),('#149','Dragonite','Dragon','Flying','1',0,'Dragon Pokemon','2.21m','210.0kg'),('#150','Mewtwo','Psychic','-','1',1,'Genetic Pokemon','2.01m','122.0kg'),('#151','Mew','Psychic','-','1',1,'New Species Pokemon','0.41m','4.0kg');
/*!40000 ALTER TABLE `pokemon` ENABLE KEYS */;
UNLOCK TABLES;

--
-- Table structure for table `pokemon_abilities`
--

DROP TABLE IF EXISTS `pokemon_abilities`;
/*!40101 SET @saved_cs_client     = @@character_set_client */;
/*!40101 SET character_set_client = utf8 */;
CREATE TABLE `pokemon_abilities` (
  `pokemon_number` varchar(5) DEFAULT NULL,
  `ability_name` varchar(20) DEFAULT NULL,
  `hidden` tinyint(1) DEFAULT NULL
) ENGINE=InnoDB DEFAULT CHARSET=utf8mb4;
/*!40101 SET character_set_client = @saved_cs_client */;

--
-- Dumping data for table `pokemon_abilities`
--

LOCK TABLES `pokemon_abilities` WRITE;
/*!40000 ALTER TABLE `pokemon_abilities` DISABLE KEYS */;
INSERT INTO `pokemon_abilities` VALUES ('#001','Overgrow',0),('#001','Chlorophyll',1),('#002','Overgrow',0),('#002','Chlorophyll',1),('#003','Overgrow',0),('#003','Chlorophyll',1),('#004','Blaze',0),('#004','Solar Power',1),('#005','Blaze',0),('#005','Solar Power',1),('#006','Blaze',0),('#006','Solar Power',1),('#007','Torrent',0),('#007','Rain Dish',1),('#008','Torrent',0),('#008','Rain Dish',1),('#009','Torrent',0),('#009','Rain Dish',1),('#010','Shield Dust',0),('#010','Run Away',1),('#011','Shed Skin',0),('#012','Compound Eyes',0),('#012','Tinted Lens',1),('#013','Shield Dust',0),('#013','Run Away',1),('#014','Shed Skin',0),('#015','Swarm',0),('#015','Sniper',1),('#016','Keen Eye',0),('#016','Tangled Feet',0),('#016','Big Pecks',1),('#017','Keen Eye',0),('#017','Tangled Feet',0),('#017','Big Pecks',1),('#018','Keen Eye',0),('#018','Tangled Feet',0),('#018','Big Pecks',1),('#019','Run Away',0),('#019','Guts',0),('#019','Hustle',1),('#020','Run Away',0),('#020','Guts',0),('#020','Hustle',1),('#021','Keen Eye',0),('#021','Sniper',1),('#022','Keen Eye',0),('#022','Sniper',1),('#023','Intimidate',0),('#023','Shed Skin',0),('#023','Unnerve',1),('#024','Intimidate',0),('#024','Shed Skin',0),('#024','Unnerve',1),('#025','Static',0),('#025','Lightning Rod',1),('#026','Static',0),('#026','Lightning Rod',1),('#027','Sand Veil',0),('#027','Sand Rush',1),('#028','Sand Veil',0),('#028','Sand Rush',1),('#029','Poison Point',0),('#029','Rivalry',0),('#029','Hustle',1),('#030','Poison Point',0),('#030','Rivalry',0),('#030','Hustle',1),('#031','Poison Point',0),('#031','Rivalry',0),('#031','Sheer Force',1),('#032','Poison Point',0),('#032','Rivalry',0),('#032','Hustle',1),('#033','Poison Point',0),('#033','Rivalry',0),('#033','Hustle',1),('#034','Poison Point',0),('#034','Rivalry',0),('#034','Sheer Force',1),('#035','Cute Charm',0),('#035','Magic Guard',0),('#035','Friend Guard',1),('#036','Cute Charm',0),('#036','Magic Guard',0),('#036','Unaware',1),('#037','Flash Fire',0),('#037','Drought',1),('#038','Flash Fire',0),('#038','Drought',1),('#039','Cute Charm',0),('#039','Competitive',0),('#039','Friend Guard',1),('#040','Cute Charm',0),('#040','Competitive',0),('#040','Frisk',1),('#041','Inner Focus',0),('#041','Infiltrator',1),('#042','Inner Focus',0),('#042','Infiltrator',1),('#043','Chlorophyll',0),('#043','Run Away',1),('#044','Chlorophyll',0),('#044','Stench',1),('#045','Chlorophyll',0),('#045','Effect Spore',1),('#046','Effect Spore',0),('#046','Dry Skin',0),('#046','Damp',1),('#047','Effect Spore',0),('#047','Dry Skin',0),('#047','Damp',1),('#048','Compound Eyes',0),('#048','Tinted Lens',0),('#048','Run Away',1),('#049','Shield Dust',0),('#049','Tinted Lens',0),('#049','Wonder Skin',1),('#050','Sand Veil',0),('#050','Arena Trap',0),('#050','Sand Force',1),('#051','Sand Veil',0),('#051','Arena Trap',0),('#051','Sand Force',1),('#052','Pickup',0),('#052','Technician',0),('#052','Unnerve',1),('#053','Limber',0),('#053','Technician',0),('#053','Unnerve',1),('#054','Damp',0),('#054','Cloud Nine',0),('#054','Swift Swim',1),('#055','Damp',0),('#055','Cloud Nine',0),('#055','Swift Swim',1),('#056','Vital Spirit',0),('#056','Anger Point',0),('#056','Defiant',1),('#057','Vital Spirit',0),('#057','Anger Point',0),('#057','Defiant',1),('#058','Intimidate',0),('#058','Flash Fire',0),('#058','Justified',1),('#059','Intimidate',0),('#059','Flash Fire',0),('#059','Justified',1),('#060','Water Absorb',0),('#060','Damp',0),('#060','Swift Swim',1),('#061','Water Absorb',0),('#061','Damp',0),('#061','Swift Swim',1),('#062','Water Absorb',0),('#062','Damp',0),('#062','Swift Swim',1),('#063','Synchronize',0),('#063','Inner Focus',0),('#063','Magic Guard',1),('#064','Synchronize',0),('#064','Inner Focus',0),('#064','Magic Guard',1),('#065','Synchronize',0),('#065','Inner Focus',0),('#065','Magic Guard',1),('#066','Guts',0),('#066','No Guard',0),('#066','Steadfast',1),('#067','Guts',0),('#067','No Guard',0),('#067','Steadfast',1),('#068','Guts',0),('#068','No Guard',0),('#068','Steadfast',1),('#069','Chlorophyll',0),('#069','Gluttony',1),('#070','Chlorophyll',0),('#070','Gluttony',1),('#071','Chlorophyll',0),('#071','Gluttony',1),('#072','Clear Body',0),('#072','Liquid Ooze',0),('#072','Rain Dish',1),('#073','Clear Body',0),('#073','Liquid Ooze',0),('#073','Rain Dish',1),('#074','Rock Head',0),('#074','Sturdy',0),('#074','Sand Veil',1),('#075','Rock Head',0),('#075','Sturdy',0),('#075','Sand Veil',1),('#076','Rock Head',0),('#076','Sturdy',0),('#076','Sand Veil',1),('#077','Run Away',0),('#077','Flash Fire',0),('#077','Flame Body',1),('#078','Run Away',0),('#078','Flash Fire',0),('#078','Flame Body',1),('#079','Oblivious',0),('#079','Own Tempo',0),('#079','Regenerator',1),('#080','Oblivious',0),('#080','Own Tempo',0),('#080','Regenerator',1),('#081','Magnet Pull',0),('#081','Sturdy',0),('#081','Analytic',1),('#082','Magnet Pull',0),('#082','Sturdy',0),('#082','Analytic',1),('#083','Keen Eye',0),('#083','Inner Focus',0),('#083','Defiant',1),('#084','Run Away',0),('#084','Early Bird',0),('#084','Tangled Feet',1),('#085','Run Away',0),('#085','Early Bird',0),('#085','Tangled Feet',1),('#086','Thick Fat',0),('#086','Hydration',0),('#086','Ice Body',1),('#087','Thick Fat',0),('#087','Hydration',0),('#087','Ice Body',1),('#088','Stench',0),('#088','Sticky Hold',0),('#088','Poison Touch',1),('#089','Stench',0),('#089','Sticky Hold',0),('#089','Poison Touch',1),('#090','Shell Armor',0),('#090','Skill Link',0),('#090','Overcoat',1),('#091','Shell Armor',0),('#091','Skill Link',0),('#091','Overcoat',1),('#092','Levitate',0),('#093','Levitate',0),('#094','Cursed Body',0),('#095','Rock Head',0),('#095','Sturdy',0),('#095','Weak Armor',1),('#096','Insomnia',0),('#096','Forewarn',0),('#096','Inner Focus',1),('#097','Insomnia',0),('#097','Forewarn',0),('#097','Inner Focus',1),('#098','Hyper Cutter',0),('#098','Shell Armor',0),('#098','Sheer Force',1),('#099','Hyper Cutter',0),('#099','Shell Armor',0),('#099','Sheer Force',1),('#100','Soundproof',0),('#100','Static',0),('#100','Aftermath',1),('#101','Soundproof',0),('#101','Static',0),('#101','Aftermath',1),('#102','Chlorophyll',0),('#102','Harvest',1),('#103','Chlorophyll',0),('#103','Harvest',1),('#104','Rock Head',0),('#104','Lightning Rod',0),('#104','Battle Armor',1),('#105','Rock Head',0),('#105','Lightning Rod',0),('#105','Battle Armor',1),('#106','Limber',0),('#106','Reckless',0),('#106','Unburden',1),('#107','Keen Eye',0),('#107','Iron Fist',0),('#107','Inner Focus',1),('#108','Own Tempo',0),('#108','Oblivious',0),('#108','Cloud Nine',1),('#109','Levitate',0),('#110','Levitate',0),('#111','Lightning Rod',0),('#111','Rock Head',0),('#111','Reckless',1),('#112','Lightning Rod',0),('#112','Rock Head',0),('#112','Reckless',1),('#113','Natural Cure',0),('#113','Serene Grace',0),('#113','Healer',1),('#114','Chlorophyll',0),('#114','Leaf Guard',0),('#114','Regenerator',1),('#115','Early Bird',0),('#115','Scrappy',0),('#115','Inner Focus',1),('#116','Swift Swim',0),('#116','Sniper',0),('#116','Damp',1),('#117','Poison Point',0),('#117','Sniper',0),('#117','Damp',1),('#118','Swift Swim',0),('#118','Water Veil',0),('#118','Lightning Rod',1),('#119','Swift Swim',0),('#119','Water Veil',0),('#119','Lightning Rod',1),('#120','Illuminate',0),('#120','Natural Cure',0),('#120','Analytic',1),('#121','Illuminate',0),('#121','Natural Cure',0),('#121','Analytic',1),('#122','Soundproof',0),('#122','Filter',0),('#122','Technician',1),('#123','Swarm',0),('#123','Technician',0),('#123','Steadfast',1),('#124','Oblivious',0),('#124','Forewarn',0),('#124','Dry Skin',1),('#125','Static',0),('#125','Vital Spirit',1),('#126','Flame Body',0),('#126','Vital Spirit',1),('#127','Hyper Cutter',0),('#127','Mold Breaker',0),('#127','Moxie',1),('#128','Intimidate',0),('#128','Anger Point',0),('#128','Sheer Force',1),('#129','Swift Swim',0),('#129','Rattled',1),('#130','Intimidate',0),('#130','Moxie',1),('#131','Water Absorb',0),('#131','Shell Armor',0),('#131','Hydration',1),('#132','Limber',0),('#132','Imposter',1),('#133','Run Away',0),('#133','Adaptability',0),('#133','Anticipation',1),('#134','Water Absorb',0),('#134','Hydration',1),('#135','Volt Absorb',0),('#135','Quick Feet',1),('#136','Flash Fire',0),('#136','Guts',1),('#137','Trace',0),('#137','Download',0),('#137','Analytic',1),('#138','Swift Swim',0),('#138','Shell Armor',0),('#138','Weak Armor',1),('#139','Swift Swim',0),('#139','Shell Armor',0),('#139','Weak Armor',1),('#140','Swift Swim',0),('#140','Battle Armor',0),('#140','Weak Armor',1),('#141','Swift Swim',0),('#141','Battle Armor',0),('#141','Weak Armor',1),('#142','Rock Head',0),('#142','Pressure',0),('#142','Unnerve',1),('#143','Immunity',0),('#143','Thick Fat',0),('#143','Gluttony',1),('#144','Pressure',0),('#144','Snow Cloak',1),('#145','Pressure',0),('#145','Static',1),('#146','Pressure',0),('#146','Flame Body',1),('#147','Shed Skin',0),('#147','Marvel Scale',1),('#148','Shed SKin',0),('#148','Marvel Scale',1),('#149','Inner Focus',0),('#149','Multiscale',1),('#150','Pressure',0),('#150','Unnerve',1),('#151','Synchronize',0);
/*!40000 ALTER TABLE `pokemon_abilities` ENABLE KEYS */;
UNLOCK TABLES;

--
-- Table structure for table `pokemon_moves`
--

DROP TABLE IF EXISTS `pokemon_moves`;
/*!40101 SET @saved_cs_client     = @@character_set_client */;
/*!40101 SET character_set_client = utf8 */;
CREATE TABLE `pokemon_moves` (
  `pokemon_number` varchar(5) DEFAULT NULL,
  `move_name` varchar(50) DEFAULT NULL,
  `learn_method` varchar(10) DEFAULT NULL,
  `method_extra_data` int(11) DEFAULT NULL
) ENGINE=InnoDB DEFAULT CHARSET=utf8mb4;
/*!40101 SET character_set_client = @saved_cs_client */;

--
-- Dumping data for table `pokemon_moves`
--

LOCK TABLES `pokemon_moves` WRITE;
/*!40000 ALTER TABLE `pokemon_moves` DISABLE KEYS */;
INSERT INTO `pokemon_moves` VALUES ('#001','Tackle','Level',0),('#001','Growl','Level',3),('#001','Leech Seed','Level',7),('#001','Vine Whip','Level',9),('#001','Poison Powder','Level',13),('#001','Sleep Powder','Level',13),('#001','Take Down','Level',15),('#001','Razor Leaf','Level',19),('#001','Sweet Scent','Level',21),('#001','Growth','Level',25),('#001','Double-Edge','Level',27),('#001','Worry Seed','Level',31),('#001','Synthesis','Level',33),('#001','Seed Bomb','Level',37),('#001','Work Up','TM',1),('#001','Toxic','TM',6),('#001','Venoshock','TM',9),('#001','Hidden Power','TM',10),('#001','Sunny Day','TM',11),('#001','Light Screen','TM',16),('#001','Protect','TM',17),('#001','Safeguard','TM',20),('#001','Frustration','TM',21),('#001','Solar Beam','TM',22),('#001','Return','TM',27),('#001','Double Team','TM',32),('#001','Sludge Bomb','TM',36),('#001','Facade','TM',42),('#001','Rest','TM',44),('#001','Attract','TM',45),('#001','Round','TM',48),('#001','Echoed Voice','TM',49),('#001','Energy Ball','TM',53),('#001','Swords Dance','TM',75),('#001','Grass Knot','TM',86),('#001','Swagger','TM',87),('#001','Sleep Talk','TM',88),('#001','Substitute','TM',90),('#001','Nature Power','TM',96),('#001','Confide','TM',100),('#001','Amnesia','Egg',NULL),('#001','Charm','Egg',NULL),('#001','Curse','Egg',NULL),('#001','Endure','Egg',NULL),('#001','Giga Drain','Egg',NULL),('#001','Grass Whistle','Egg',NULL),('#001','Grassy Terrain','Egg',NULL),('#001','Ingrain','Egg',NULL),('#001','Leaf Storm','Egg',NULL),('#001','Magical Leaf','Egg',NULL),('#001','Nature Power','Egg',NULL),('#001','Petal Dance','Egg',NULL),('#001','Power Whip','Egg',NULL),('#001','Skull Bash','Egg',NULL),('#001','Sludge','Egg',NULL),('#001','Bind','Tutor',NULL),('#001','Giga Drain','Tutor',NULL),('#001','Knock Off','Tutor',NULL),('#001','Seed Bomb','Tutor',NULL),('#001','Snore','Tutor',NULL),('#001','Synthesis','Tutor',NULL),('#001','Worry Seed','Tutor',NULL);
/*!40000 ALTER TABLE `pokemon_moves` ENABLE KEYS */;
UNLOCK TABLES;

--
-- Table structure for table `type_matchups`
--

DROP TABLE IF EXISTS `type_matchups`;
/*!40101 SET @saved_cs_client     = @@character_set_client */;
/*!40101 SET character_set_client = utf8 */;
CREATE TABLE `type_matchups` (
  `attacker \ defender` varchar(20) DEFAULT NULL,
  `vs_normal` varchar(4) DEFAULT NULL,
  `vs_fighting` varchar(4) DEFAULT NULL,
  `vs_flying` varchar(4) DEFAULT NULL,
  `vs_poison` varchar(4) DEFAULT NULL,
  `vs_ground` varchar(4) DEFAULT NULL,
  `vs_rock` varchar(4) DEFAULT NULL,
  `vs_bug` varchar(4) DEFAULT NULL,
  `vs_ghost` varchar(4) DEFAULT NULL,
  `vs_steel` varchar(4) DEFAULT NULL,
  `vs_fire` varchar(4) DEFAULT NULL,
  `vs_water` varchar(4) DEFAULT NULL,
  `vs_grass` varchar(4) DEFAULT NULL,
  `vs_electric` varchar(4) DEFAULT NULL,
  `vs_psychic` varchar(4) DEFAULT NULL,
  `vs_ice` varchar(4) DEFAULT NULL,
  `vs_dragon` varchar(4) DEFAULT NULL,
  `vs_dark` varchar(4) DEFAULT NULL,
  `vs_fairy` varchar(4) DEFAULT NULL
) ENGINE=InnoDB DEFAULT CHARSET=utf8mb4;
/*!40101 SET character_set_client = @saved_cs_client */;

--
-- Dumping data for table `type_matchups`
--

LOCK TABLES `type_matchups` WRITE;
/*!40000 ALTER TABLE `type_matchups` DISABLE KEYS */;
INSERT INTO `type_matchups` VALUES ('Normal','1x','1x','1x','1x','1x','0.5x','1x','0x','0.5x','1x','1x','1x','1x','1x','1x','1x','1x','1x'),('Fighting','2x','1x','0.5x','0.5x','1x','2x','0.5x','0x','2x','1x','1x','1x','1x','0.5x','2x','1x','2x','0.5x'),('Flying','1x','2x','1x','1x','1x','0.5x','2x','1x','0.5x','1x','1x','2x','0.5x','1x','1x','1x','1x','1x'),('Poison','1x','1x','1x','0.5x','0.5x','0.5x','1x','0.5x','0x','1x','1x','2x','1x','1x','1x','1x','1x','2x'),('Ground','1x','1x','0x','2x','1x','2x','0.5x','1x','2x','2x','1x','0.5x','2x','1x','1x','1x','1x','1x'),('Rock','1x','0.5x','2x','1x','0.5x','1x','2x','1x','0.5x','2x','1x','1x','1x','1x','2x','1x','1x','1x'),('Bug','1x','0.5x','0.5x','0.5x','1x','1x','1x','0.5x','0.5x','0.5x','1x','2x','1x','2x','1x','1x','2x','0.5x'),('Ghost','0x','1x','1x','1x','1x','1x','1x','2x','1x','1x','1x','1x','1x','2x','1x','1x','0.5x','1x'),('Steel','1x','1x','1x','1x','1x','2x','1x','1x','0.5x','0.5x','0.5x','1x','0.5x','1x','2x','1x','1x','2x'),('Fire','1x','1x','1x','1x','1x','0.5x','2x','1x','2x','0.5x','0.5x','2x','1x','1x','2x','0.5x','1x','1x'),('Water','1x','1x','1x','1x','2x','2x','1x','1x','1x','2x','0.5x','0.5x','1x','1x','1x','0.5x','1x','1x'),('Grass','1x','1x','0.5x','0.5x','2x','2x','0.5x','1x','0.5x','0.5x','2x','0.5x','1x','1x','1x','0.5x','1x','1x'),('Electric','1x','1x','2x','1x','0x','1x','1x','1x','1x','1x','2x','0.5x','0.5x','1x','1x','0.5x','1x','1x'),('Psychic','1x','2x','1x','2x','1x','1x','1x','1x','0.5x','1x','1x','1x','1x','0.5x','1x','1x','0x','1x'),('Ice','1x','1x','2x','1x','2x','1x','1x','1x','0.5x','0.5x','0.5x','2x','1x','1x','0.5x','2x','1x','1x'),('Dragon','1x','1x','1x','1x','1x','1x','1x','1x','0.5x','1x','1x','1x','1x','1x','1x','2x','1x','0x'),('Dark','1x','0.5x','1x','1x','1x','1x','1x','2x','1x','1x','1x','1x','1x','2x','1x','1x','0.5x','0.5x'),('Fairy','1x','2x','1x','0.5x','1x','1x','1x','1x','0.5x','0.5x','1x','1x','1x','1x','1x','2x','2x','1x');
/*!40000 ALTER TABLE `type_matchups` ENABLE KEYS */;
UNLOCK TABLES;
/*!40103 SET TIME_ZONE=@OLD_TIME_ZONE */;

/*!40101 SET SQL_MODE=@OLD_SQL_MODE */;
/*!40014 SET FOREIGN_KEY_CHECKS=@OLD_FOREIGN_KEY_CHECKS */;
/*!40014 SET UNIQUE_CHECKS=@OLD_UNIQUE_CHECKS */;
/*!40101 SET CHARACTER_SET_CLIENT=@OLD_CHARACTER_SET_CLIENT */;
/*!40101 SET CHARACTER_SET_RESULTS=@OLD_CHARACTER_SET_RESULTS */;
/*!40101 SET COLLATION_CONNECTION=@OLD_COLLATION_CONNECTION */;
/*!40111 SET SQL_NOTES=@OLD_SQL_NOTES */;

-- Dump completed on 2018-12-19 10:34:56
